,transcript,gene,chr,n_exons,cds_start,cds_end,bp,mu_syn,mu_mis,mu_lof,n_syn,n_mis,n_lof,exp_syn,exp_mis,exp_lof,syn_z,mis_z,lof_z,pLI,pRec,pNull,Uniprot,ProteinID
74,ENST00000333172,TAS1R1,1,6,6615433,6639644,2526,1.28161727971e-05,2.7030855023e-05,1.29329972549e-06,142,299,14,142.942932367,299.781277419,16.6267417701,0.0488915489018,0.0220715080278,0.638121658638,7.91360028717e-09,0.269820278655,0.730179713432,Q7RTX1,TS1R1
84,ENST00000377893,GPR153,1,5,6309397,6314965,1830,1.81771908097e-05,3.30888976493e-05,8.05780542202e-07,75,158,6,89.5584871122,184.882490386,7.93055692071,0.953701447937,0.967026072194,0.67907925555,0.000377954117162,0.621011134065,0.378610911818,Q6NV75,GP153
94,ENST00000377411,GPR157,1,4,9164477,9189086,1008,9.44628395452e-06,1.64046286815e-05,5.90298553681e-07,58,135,7,85.8455537184,148.681808142,7.01518104344,1.86314381197,0.548821195965,0.00567769148026,2.63491769394e-05,0.317175264895,0.682798385928,Q5UAW9,GP157
216,ENST00000289753,HTR6,1,3,19992246,20005861,1323,1.20223557818e-05,2.11117761056e-05,4.67112043929e-07,101,182,5,133.459836472,233.033509769,6.36934662766,1.74188730942,1.63516871565,0.537471753767,0.0010672536065,0.60439144518,0.394541301214,P50406,5HT6R
218,ENST00000375371,TAS1R2,1,6,19166092,19186154,2520,1.49255911012e-05,3.15246415452e-05,1.2936847964e-06,176,361,18,163.637715773,343.134560506,16.538568664,-0.599110686418,-0.471733746719,-0.35597465273,6.17507053672e-13,0.01593778461,0.984062215389,Q8TE23,TS1R2
260,ENST00000374619,HTR1D,1,1,23519578,23520712,1134,5.61863882941e-06,1.23787865791e-05,4.27969387583e-07,62,148,0,64.07945,140.6733668,5.26807888,0.161041772868,-0.302143293784,2.27360927567,0.813006424568,0.182416617433,0.00457695799927,P28221,5HT1D
279,ENST00000536471,CNR2,1,1,24201024,24202107,1083,4.21764868425e-06,9.90673980366e-06,4.94842358109e-07,58,117,6,48.20594,112.6645251,6.02576391,-0.874504246574,-0.199784653096,0.010396696077,0.000110725778447,0.370934490737,0.628954783484,P34972,CNR2
350,ENST00000373857,PTAFR,1,1,28476503,28477532,1029,5.03193881841e-06,1.23306760584e-05,4.09700698697e-07,49,100,2,57.43201,140.1282704,5.06109071,0.689768956193,1.65807530986,1.3478569748,0.118775353429,0.779289831874,0.101934814697,P25105,PTAFR
351,ENST00000374024,GPR3,1,1,27720302,27721295,993,5.02706881772e-06,1.10129466946e-05,3.97934830978e-07,64,97,3,57.37684,125.1981149,4.92778061,-0.542058783863,1.23264337681,0.860243921707,0.0209357972702,0.751114612978,0.227949589752,P46089,GPR3
358,ENST00000234961,OPRD1,1,3,29138895,29189795,1119,1.08817247545e-05,2.04863204952e-05,4.0582235587e-07,62,105,2,97.3510820201,187.575292899,4.84200246612,2.22116969498,2.94902749266,1.27938615101,0.109062189113,0.776662874592,0.114274936294,P41143,OPRD
382,ENST00000373658,BAI2,1,31,32193020,32222822,4758,2.90657565017e-05,6.33724246252e-05,3.88202711617e-06,277,352,7,275.26584784,591.885098555,46.4203513696,-0.0647996271622,4.82281979186,5.73133710575,0.995235377472,0.0047646225209,6.62369125848e-12,O60241,AGRB2
389,ENST00000403528,HCRTR1,1,7,32084793,32092581,1278,6.25268057843e-06,1.58307711087e-05,8.09536035205e-07,66,147,3,71.1767914248,176.181872191,11.7492213931,0.380400284828,1.07534887862,2.52845115771,0.261800018352,0.732497437625,0.00570254402377,O43613,OX1R
714,ENST00000356595,PTGER3,1,4,71418589,71513260,1257,9.50116250619e-06,1.91328324242e-05,8.10632393282e-07,65,113,1,98.1192640232,196.644210366,9.20376329262,2.07277843623,2.91750588266,2.67867533408,0.787642828877,0.210975835731,0.00138133539243,P43115,PE2R3
747,ENST00000370757,PTGFR,1,2,78958428,79002372,1080,3.68001536682e-06,9.28350567855e-06,7.01471836319e-07,46,100,1,42.53354,106.0222504,8.78601447,-0.32951099431,0.28607521751,2.602009939,0.760040674563,0.238009095834,0.00195022960366,P43088,PF2R
754,ENST00000319517,LPHN2,1,19,82302669,82456829,4212,1.48614113062e-05,3.7046501326e-05,3.76248992298e-06,202,394,1,175.862892031,426.514834119,50.3742494454,-1.22185526175,0.770070447074,6.89105794289,0.999999944952,5.50478518615e-08,9.01955413681e-20,O95490,AGRL2
755,ENST00000440886,LPAR3,1,2,85279528,85331803,1062,5.32423078176e-06,1.15952776167e-05,3.53171923644e-07,55,132,0,61.16284,132.2150976,4.83970515,0.488524691834,0.00914990015242,2.17921027572,0.786363329238,0.207096501946,0.0065401688157,Q9UBY5,LPAR3
758,ENST00000370742,ELTD1,1,15,79356838,79472339,2073,6.60364325511e-06,1.67421300611e-05,1.36223450503e-06,88,228,13,76.5576164895,185.400125502,20.3536088334,-0.810721410808,-1.53027699663,1.61461704484,5.25882220113e-07,0.85517965838,0.144819815738,Q9HBW9,AGRL4
842,ENST00000315033,GPR88,1,1,101004522,101005677,1155,1.42309470346e-05,2.25300837961e-05,5.98040734102e-07,53,38,0,98.2784826117,155.443447839,4.3741280874,2.83147108204,4.60743183408,2.07174088469,0.754055177237,0.236360293245,0.00958452951834,Q9GZN0,GPR88
859,ENST00000305352,S1PR1,1,1,101704540,101705689,1149,6.86499323206e-06,1.46513199732e-05,4.60397191153e-07,71,66,1,78.2009,166.4216052,5.63549262,0.504812805006,3.80748989593,1.9342812482,0.48481489486,0.493241676339,0.0219434288012,P21453,S1PR1
877,ENST00000271332,CELSR2,1,34,109792701,109816671,8772,5.28226878957e-05,0.00011517645187,6.30826165447e-06,607,987,10,576.067823472,1247.56572015,82.9015141077,-0.798957037461,3.60829827496,7.93131126387,0.999999199832,8.00167652378e-07,3.47947531929e-23,Q9HCU4,CELR2
889,ENST00000527748,GPR61,1,1,110085644,110087000,1356,6.38802713845e-06,1.51495359316e-05,7.9518059274e-07,68,108,1,72.79677,172.0665417,9.4286583,0.348531686291,2.38890704247,2.71908756806,0.801488898268,0.197365880594,0.00114522113771,Q9BZJ8,GPR61
1211,ENST00000368318,RXFP4,1,1,155911500,155912625,1125,5.75176531978e-06,1.34711530632e-05,4.83039026917e-07,71,145,4,65.58779,153.0500332,5.89202893,-0.41429778677,0.318269982715,0.77212040562,0.00549581832537,0.715189171571,0.279315010103,Q8TDU9,RL3R2
1293,ENST00000368121,DARC,1,1,159175223,159176240,1017,3.88493953083e-06,8.23517941365e-06,3.42833376683e-07,56,120,5,44.43628,93.7253906,4.30347026,-1.07542013386,-1.32746818196,-0.332598311837,0.00027360575745,0.335527580952,0.664198813291,Q16570,ACKR1
1396,ENST00000537209,GPR161,1,6,168054768,168104159,1650,8.18452765705e-06,1.80521927658e-05,1.09975904953e-06,114,172,5,93.5567328006,203.442299287,14.0142184261,-1.31027452911,1.07822687266,2.38524684484,0.0295792897121,0.960088859456,0.010331850832,Q8N6U8,GP161
1454,ENST00000367685,GPR52,1,1,174417249,174418335,1086,3.7020185554e-06,1.05884361564e-05,6.32025208999e-07,36,96,3,42.36374,120.3883282,7.58007362,0.606128539449,1.08719104375,1.64787940412,0.0654585923634,0.870926816907,0.0636145907297,Q9Y2T5,GPR52
1547,ENST00000304244,GPR25,1,1,200842165,200843251,1086,1.18370622497e-05,2.07546395563e-05,6.30337618334e-07,66,90,4,105.697258431,185.077338973,5.94023122415,2.39374853264,3.4183516326,0.788572300258,0.00563545142572,0.72025778457,0.274106764005,O00155,GPR25
1561,ENST00000367282,GPR37L1,1,2,202092091,202097684,1446,7.80198382706e-06,1.53378882434e-05,7.92011706968e-07,93,176,10,89.2363,174.6196602,9.81185041,-0.246998174613,-0.0510908776204,-0.0595000705142,2.88015901916e-07,0.171502113986,0.828497597998,O60883,ETBR2
1571,ENST00000367236,ADORA1,1,2,203097969,203135028,981,6.36250871607e-06,1.24538596486e-05,3.63709773788e-07,69,82,3,72.92674,141.9430219,4.95909949,0.285061265964,2.4609226392,0.871454607403,0.0212580375414,0.753794339899,0.22494762256,P30542,AA1R
1581,ENST00000367278,LGR6,1,18,202163117,202288335,2904,1.73708940566e-05,3.29321406373e-05,1.78202226146e-06,186,327,12,194.017791383,365.373926214,27.1716576098,0.356848524148,0.981937027981,2.88313280054,4.08845719461e-05,0.997948260919,0.00201085450856,Q9HBX8,LGR6
1614,ENST00000367126,AVPR1B,1,2,206224440,206231142,1275,6.3318394197e-06,1.55878701522e-05,5.7136062505e-07,73,200,7,69.4475298766,169.676936088,7.10842760457,-0.264272165199,-1.13861966116,0.0402849418364,2.82255376407e-05,0.328117052721,0.671854721741,P47901,V1BR
1821,ENST00000255380,CHRM3,1,1,240070751,240072524,1773,9.29656511629e-06,1.88539770218e-05,1.10184203177e-06,119,154,1,105.7511,214.0386188,12.90319587,-0.798705898403,2.00724743778,3.28249978356,0.937026128209,0.0629173690389,5.65027523143e-05,P20309,ACM3
1825,ENST00000366554,OPN3,1,4,241757729,241803556,1209,7.57382866966e-06,1.44954994922e-05,8.0592255926e-07,65,116,1,74.9830538853,146.424811031,10.2524454428,0.714712258741,1.22980674019,2.86241427136,0.846289039558,0.15314002692,0.000570933521647,Q9H1Y3,OPN3
1953,ENST00000306928,NTSR2,2,4,11798604,11810255,1233,1.12032376337e-05,2.06968478354e-05,6.37523624217e-07,59,127,7,88.7409328661,167.829700857,6.95824768257,1.95723069045,1.54155217525,-0.0156790715563,2.52586411261e-05,0.310591599825,0.689383141534,O95665,NTR2
2007,ENST00000311519,GPR113,2,13,26532811,26541917,3240,1.48915927923e-05,3.0485893509e-05,2.245089532e-06,148,288,17,128.082114302,258.887970273,20.1194778652,-1.09106044042,-0.884978082101,0.688911184605,1.48528745876e-10,0.19309557181,0.806904428041,Q8IZF5,AGRF3
2120,ENST00000378661,OXER1,2,1,42990047,42991319,1272,6.62788497764e-06,1.5050977585e-05,4.37879697395e-07,90,192,8,69.0825271763,156.389313139,4.92209615558,-1.56017926964,-1.3928150176,-1.37426266912,4.7688132118e-07,0.0653288848491,0.93467063827,Q8TDS5,OXER1
2146,ENST00000294954,LHCGR,2,11,48914835,48982810,2100,8.34463943002e-06,1.93773783374e-05,1.57979797216e-06,76,206,14,75.9572580638,185.915198994,18.4092663045,-0.0030401802051,-0.720487600592,1.01797635525,2.8015445766e-08,0.490421431054,0.509578540931,P22888,LSHR
2148,ENST00000394705,GPR75,2,1,54080270,54081893,1623,6.15230851188e-06,1.47965370406e-05,7.10973796434e-07,93,180,5,70.12604,168.0669781,8.47457771,-1.69336724035,-0.450220107281,1.1823135232,0.00319480233775,0.8232848439,0.173520353762,O95800,GPR75
2150,ENST00000406846,FSHR,2,10,49189871,49381556,2088,6.98602073376e-06,1.7219331488e-05,1.03408125652e-06,110,255,15,82.3914027067,197.087889222,15.6980176609,-1.88561449981,-2.0176962584,0.174515372595,3.74938916693e-10,0.094124146111,0.905875853514,P23945,FSHR
2205,ENST00000303786,PROKR1,2,2,68872953,68882708,1182,6.73458233728e-06,1.4189787731e-05,4.01070905716e-07,58,163,11,77.14241,161.6114366,5.38240967,1.35113724644,-0.0534266091384,-2.39856438451,5.4225125634e-10,0.00880443531976,0.991195564138,Q8TCW9,PKR1
2283,ENST00000305249,TACR1,2,5,75276558,75426060,1224,6.32445304988e-06,1.32567312195e-05,7.40426885079e-07,56,139,7,73.75286,152.2970068,10.48467192,1.28152876267,0.527016880197,1.06604162119,0.000227888560238,0.749408792598,0.250363318842,P25103,NK1R
2417,ENST00000258456,GPR45,2,1,105858315,105859434,1119,8.40434170818e-06,1.67304237357e-05,5.16587972961e-07,66,121,0,95.64204,189.9782415,6.27214609,1.87902746748,2.44780296399,2.48083438341,0.864764500756,0.133285073729,0.00195042551469,Q9Y5Y3,GPR45
2472,ENST00000019103,SCTR,2,13,120197692,120281802,1323,6.87329748341e-06,1.44751634693e-05,1.25776018267e-06,63,163,15,70.5433451791,148.959928426,17.6931602369,0.556782629013,-0.5626677379,0.634233540943,1.95522328385e-09,0.232741371731,0.767258626314,P47872,SCTR
2516,ENST00000544369,GPR17,2,2,128407586,128409329,1104,6.9819905138e-06,1.47077865628e-05,4.71821288355e-07,81,150,7,79.3418871944,165.276140803,5.84568673774,-0.115401524558,0.581197803477,-0.47292860454,1.06559378637e-05,0.198646253324,0.801343090738,Q13304,GPR17
2524,ENST00000329321,GPR39,2,2,133174615,133403179,1362,9.55632268623e-06,1.8604234863e-05,5.35786258003e-07,105,178,14,109.11332,211.628041,6.90876209,0.244118690513,1.13065719375,-2.67246250411,1.54608229502e-12,0.00199704096837,0.99800295903,O43194,GPR39
2530,ENST00000309926,GPR148,2,1,131486724,131487768,1044,4.17494326985e-06,1.01863847064e-05,4.60807324112e-07,65,118,4,47.72207,115.8329046,5.64013913,-1.55053492052,-0.0984871190842,0.684109280532,0.00480951704813,0.687707115599,0.307483367353,Q8TDV2,GP148
2545,ENST00000409817,CXCR4,2,1,136872438,136873509,1071,4.44590539903e-06,9.86219782363e-06,4.09395224433e-07,42,73,1,50.79213,112.159855,5.05762933,0.764795587327,1.80858595535,1.78726329864,0.427450979948,0.539796705345,0.0327523147068,P61073,CXCR4
2707,ENST00000409998,CALCRL,2,12,188210910,188250322,1386,4.54852192074e-06,1.1044601065e-05,1.1531727837e-06,42,88,2,52.893329624,121.492537321,16.860396858,0.928559401256,1.48624117001,3.58497571062,0.926324873613,0.0736580633934,1.70629935992e-05,Q16602,CALRL
2801,ENST00000286201,FZD7,2,1,202899370,202901095,1725,1.73980434418e-05,3.00982257765e-05,7.0182528965e-07,129,154,1,197.5425,341.4383146,8.3709233,3.02328526326,4.9615647011,2.52362539521,0.730198729898,0.267066520316,0.0027347497861,O75084,FZD7
2810,ENST00000407325,GPR1,2,1,207040903,207041971,1068,3.35465480181e-06,8.63990063088e-06,5.39914331934e-07,46,131,7,38.42804,98.3109752,6.53643793,-0.757240314875,-1.61256580493,-0.179608546825,1.8355531462e-05,0.264277150234,0.735704494235,P46091,GPR1
2831,ENST00000272847,PTH2R,2,13,209271768,209358384,1653,6.7841558153e-06,1.56781407269e-05,1.5731336093e-06,81,229,23,81.6381941059,181.663577041,23.0587796599,0.0437877646146,-1.71782042147,0.0121254718508,1.31615183744e-15,0.0112978100133,0.988702189987,P49190,PTH2R
2839,ENST00000295417,FZD5,2,1,208631705,208633463,1758,1.83908801481e-05,3.16084521444e-05,7.47026846976e-07,99,114,0,167.422937401,287.508680512,7.12303060071,3.27826092395,5.00509352794,2.64376050318,0.898345425582,0.100721257808,0.000933316610577,Q13467,FZD5
2860,ENST00000295683,CXCR1,2,1,219028881,219029934,1053,4.43261752775e-06,1.14123982834e-05,3.81540641855e-07,53,147,5,50.64158,129.7239667,4.74203091,-0.205455168358,-0.741907010733,-0.117347858396,0.000374556416933,0.389840112541,0.609785331042,P25024,CXCR1
2863,ENST00000318507,CXCR2,2,1,218999524,219000607,1083,4.77526665258e-06,1.15293479855e-05,3.89587392118e-07,68,123,1,54.52387,131.0490345,4.83320283,-1.13141342382,0.343907420281,1.72716562047,0.405284397129,0.556617076633,0.0380985262371,P25025,CXCR2
2864,ENST00000522678,GPBAR1,2,1,219127447,219128440,993,5.60478421508e-06,1.21256321306e-05,3.35621028756e-07,68,149,7,57.1645486146,123.236183803,3.77542611976,-0.88844996938,-1.13516034812,-1.64391391815,1.86484038881e-06,0.0754040718503,0.924594063309,Q8TDU6,GPBAR
2938,ENST00000392040,GPR55,2,1,231774717,231775677,960,4.53637834384e-06,1.01092165461e-05,3.8617486132e-07,59,103,5,51.8172,114.9586657,4.79453849,-0.618594787701,0.545543570268,-0.0929494346089,0.000388569399866,0.396560337175,0.603051093425,Q9Y2T6,GPR55
2946,ENST00000258400,HTR2B,2,3,231973230,231988478,1446,4.81202953081e-06,1.30863691787e-05,1.02684611886e-06,68,153,13,55.778578,149.5285771,12.89166949,-1.014465763,-0.138854185867,-0.0298872461346,3.66015293334e-09,0.0969799783203,0.90302001802,P41595,5HT2B
2964,ENST00000305141,NMUR1,2,3,232389753,232395072,1281,7.80480376867e-06,1.68604164043e-05,7.17714390627e-07,91,188,8,89.3055495796,191.477530311,8.74177806702,-0.111157559828,0.122920616362,0.248521400083,1.07262381172e-05,0.352148783341,0.647840490421,Q9HB89,NMUR1
3004,ENST00000272928,ACKR3,2,1,237489108,237490197,1089,7.0743150974e-06,1.35946585555e-05,4.02353846871e-07,74,112,1,80.57256,154.4494272,4.9778488,0.453931613258,1.67068641319,1.7661074724,0.419555701617,0.545873464213,0.0345708341703,P25106,ACKR3
3032,ENST00000438013,GPR35,2,2,241558359,241570299,1023,7.15203203627e-06,1.46257379504e-05,4.59003861413e-07,79,134,4,77.46374,152.6486039,5.13471667,-0.10820939007,0.738271817556,0.496042525618,0.00363558120757,0.62801456585,0.368349852943,Q9HC97,GPR35
3058,ENST00000357716,GRM7,3,10,6903075,7782093,2748,1.56683357657e-05,3.29212070453e-05,1.84343962916e-06,166,249,1,173.688310988,364.532566351,24.6444923241,0.361655000039,2.95973479264,4.71801975211,0.99916906868,0.000830929956848,1.36333839654e-09,Q14831,GRM7
3059,ENST00000316793,OXTR,3,2,8794662,8809873,1170,1.12048946955e-05,2.05586651783e-05,4.54306864581e-07,91,127,6,107.301310411,196.540921973,5.1388436031,0.975594270958,2.42622046296,-0.376304108104,5.74322739894e-05,0.268079451304,0.731863116422,P30559,OXYR
3098,ENST00000397056,HRH1,3,1,11300723,11302187,1464,5.89697368353e-06,1.48841463305e-05,9.14826138977e-07,75,151,6,67.23304,169.0596177,10.78426675,-0.587231234538,0.679367293416,1.44314429523,0.0015611678712,0.88225240217,0.116186429958,P35367,HRH1
3179,ENST00000330953,CCR4,3,1,32994914,32995997,1083,4.32074982492e-06,9.51049722422e-06,3.57292783019e-07,67,104,0,49.37409,108.1750093,4.46729828,-1.55507537867,0.196340328631,2.09368892054,0.760806752827,0.230309831889,0.00888341528375,P51679,CCR4
3216,ENST00000326306,CCR8,3,1,39373822,39374890,1068,3.80434876496e-06,8.64076017193e-06,3.6746121352e-07,48,106,3,43.52316,98.3207079,4.58250837,-0.420688689936,-0.378804403546,0.732291614101,0.0176258189185,0.719527251278,0.262846929803,P51685,CCR8
3221,ENST00000358309,CX3CR1,3,2,39306932,39323186,1164,5.40934598168e-06,1.12149157956e-05,3.64867144125e-07,65,112,2,61.3441662861,126.481027534,4.80062517232,-0.28936684962,0.629799489169,1.26618097605,0.107291641249,0.775970083501,0.11673827525,P49238,CX3C1
3252,ENST00000325123,VIPR1,3,13,42544227,42577773,1374,8.32688061296e-06,1.7001662761e-05,1.33400504641e-06,67,162,15,72.5186195528,146.441612057,16.6323816441,0.401749350127,-0.62885310129,0.396491820154,8.27528331893e-10,0.146473233491,0.853526765681,P32241,VIPR1
3264,ENST00000422265,ACKR2,3,1,42905994,42907149,1155,5.22494187398e-06,1.19280608263e-05,3.82322709223e-07,59,145,5,59.61878,135.5665019,4.75089226,0.0496814406444,-0.396290003103,-0.113211196139,0.000376890363248,0.390971409638,0.608651699999,O00590,ACKR2
3271,ENST00000296140,CCR1,3,1,46244736,46245804,1068,4.9126293288e-06,1.07263148337e-05,5.75529177516e-07,54,87,0,56.08021,121.950424,6.93996217,0.172207403418,1.54802174772,2.60956572237,0.891828751554,0.107076544423,0.0010947040226,P32246,CCR1
3278,ENST00000458629,CXCR6,3,1,45987973,45989002,1029,3.49381548673e-06,8.47646817221e-06,4.24486603792e-07,50,76,6,40.00475,96.4592453,5.22861803,-0.97968699183,1.018906196,-0.334168712221,6.15120183208e-05,0.277642392203,0.722296095779,O00574,CXCR6
3280,ENST00000545097,CCR3,3,2,46305894,46307717,1131,4.66888917507e-06,1.06798124824e-05,5.11527863879e-07,64,136,3,51.76892,117.1191098,5.83239578,-1.0538523004,-0.853346280051,1.1617699745,0.0318930527902,0.815792394175,0.152314553035,P51677,CCR3
3285,ENST00000309285,XCR1,3,1,46062437,46063439,1002,5.32835872634e-06,1.19764626859e-05,3.98943194429e-07,60,103,2,56.2670689264,125.986532436,4.5716781103,-0.308512052319,1.00167608737,1.19142971226,0.0978541501235,0.770983928747,0.13116192113,P46094,XCR1
3288,ENST00000357632,CCR9,3,2,45936425,45943390,1110,4.37260320447e-06,1.00625811445e-05,4.17957711719e-07,46,98,4,50.380701,114.8493325,5.57374097,0.382614017239,0.769013747094,0.660312545224,0.00464030866964,0.680195440541,0.315164250789,P51686,CCR9
3298,ENST00000357392,CCRL2,3,2,46449161,46450605,1071,4.34848355101e-06,9.6829562056e-06,3.71698828826e-07,50,134,4,49.02554,105.7877911,4.27098202,-0.0862784384406,-1.34163885753,0.129887178324,0.00216377842931,0.516299537149,0.481536684422,O00421,CCRL2
3301,ENST00000313049,PTH1R,3,14,46925049,46945146,1782,1.1545865074e-05,2.36815064976e-05,1.63375859553e-06,97,186,4,116.092594031,241.973770555,21.7397921946,1.09853090615,1.76001809575,3.76886455367,0.742389488873,0.257590250698,2.02604291917e-05,Q03431,PTH1R
3303,ENST00000292301,CCR2,3,2,46399018,46401351,1125,4.79177313531e-06,1.05818899478e-05,5.80648235162e-07,61,116,4,55.12999,120.7332117,7.41705869,-0.490110869327,0.210696799318,1.24287161037,0.011463317945,0.843323512628,0.145213169427,P41597,CCR2
3304,ENST00000343801,CCR5,3,1,46414393,46415452,1059,4.14130941399e-06,9.42953309171e-06,6.12129091637e-07,69,157,10,47.34099,107.2576703,7.35464666,-1.95150376665,-2.34924392938,-0.966256589932,3.51208840566e-08,0.0524242904848,0.947575674394,P51681,CCR5
3334,ENST00000164024,CELSR3,3,35,48675637,48700067,9939,6.32967838868e-05,0.000142101877878,6.90413525522e-06,546,1017,14,671.288210698,1507.03125877,84.3268826094,2.99781720703,6.17417400541,7.58626541377,0.999656221391,0.000343778609253,1.51310379494e-19,Q9NYQ7,CELR3
3389,ENST00000395052,GRM2,3,5,51742999,51752128,2619,1.39553647585e-05,3.54062832732e-05,1.27521563501e-06,143,269,1,160.212663,403.2560739,16.54394014,0.843043483593,3.27009235494,3.78557106873,0.983083426226,0.0169144235881,2.15018554681e-06,Q14416,GRM2
3417,ENST00000322241,GPR62,3,1,51989668,51990775,1107,1.25995506597e-05,2.18887312749e-05,3.69755021353e-07,37,56,1,90.5388791682,157.094464764,2.91426137984,3.48819867588,3.94514988994,1.11077671279,0.229621630878,0.646391570601,0.12398679852,Q9BZJ7,GPR62
3510,ENST00000304411,GPR27,3,1,71803200,71804328,1128,1.52663171634e-05,2.39945711706e-05,2.99355354211e-07,60,62,0,118.732313691,186.451329483,2.60956496209,3.34150440884,4.45792932303,1.60019810704,0.598851196353,0.363162908909,0.0379858947374,Q9NS67,GPR27
3531,ENST00000319595,HTR1F,3,1,88039899,88041000,1101,3.32798079018e-06,8.79781711854e-06,5.90345818887e-07,59,93,5,38.12581,100.1001964,7.10783733,-2.09579880197,0.347111962765,0.783173619901,0.00161477471674,0.693765065016,0.304620160267,P30939,5HT1F
3549,ENST00000284311,GPR15,3,1,98250877,98251960,1083,4.05210807111e-06,9.48419288337e-06,3.99749490608e-07,56,128,4,46.33032,107.8769795,4.94834154,-0.880701776574,-0.947642946989,0.422303453105,0.0032649992087,0.604715554107,0.392019446685,P49685,GPR15
3565,ENST00000273352,GPR128,3,16,100328700,100413845,2394,8.51015872132e-06,2.09743322686e-05,1.7409616714e-06,120,282,20,102.255089726,242.254499226,26.1671125287,-1.08787886537,-1.24901742437,1.19424553269,1.98948574577e-11,0.379298961468,0.620701038512,Q96K78,AGRG7
3619,ENST00000383673,DRD3,3,6,113847562,113890839,1203,5.19319681739e-06,1.2567681524e-05,7.69754172125e-07,66,116,5,61.354567,144.9090232,11.2360532,-0.367664708639,1.17463209741,1.84286119707,0.0102953433153,0.944520016879,0.0451846398053,P35462,DRD3
3645,ENST00000464295,GPR156,3,9,119885878,119962945,2445,8.98720376569e-06,2.20092266472e-05,1.39595873821e-06,111,232,13,105.59876,253.1410426,19.5883701,-0.325844349581,0.649921305034,1.47458053039,3.6791785553e-07,0.796552693098,0.203446938984,Q8NFN8,GP156
3674,ENST00000498619,CASR,3,6,121973036,122004038,3267,1.62656377641e-05,3.53089609235e-05,2.0962171044e-06,175,258,6,186.80764,402.5724421,26.26515495,0.535567031033,3.52435679818,3.91696424602,0.366508674072,0.633470866369,2.04595588032e-05,P41180,CASR
3715,ENST00000355552,TPRA1,3,10,127292363,127298989,1122,6.27705356001e-06,1.30191422802e-05,7.47634413689e-07,70,123,4,69.5196959102,140.785054034,11.5239279909,-0.0357115035555,0.73315265832,2.19550299856,0.0583580196535,0.924105392015,0.0175365883311,Q86W33,TPRA1
3742,ENST00000296271,RHO,3,5,129247576,129252561,1047,7.2459289423e-06,1.36899335798e-05,5.76616855441e-07,82,145,6,84.19337,157.2052644,8.62867096,0.148191205039,0.476136331961,0.88644945176,0.000556528415834,0.704296749384,0.2951467222,P08100,OPSD
3747,ENST00000249887,ACKR4,3,1,132319241,132320294,1053,3.15687650516e-06,8.7274940624e-06,5.36104762185e-07,6,22,4,36.18717,99.3034222,6.4932755,3.11096103212,3.79431218234,0.969232699457,0.00744510816052,0.773751344419,0.218803547421,Q9NPB9,ACKR4
3830,ENST00000542281,AGTR1,3,1,148458822,148459902,1080,3.48289846511e-06,9.52098380439e-06,5.31971770576e-07,45,111,4,39.88106,108.2938292,6.44644775,-0.502511678664,-0.127196324178,0.954476847157,0.00727625074023,0.769562881583,0.223160867677,P30556,AGTR1
3835,ENST00000309180,GPR171,3,1,150916213,150917173,960,3.41301534639e-06,8.2174239183e-06,5.96400012152e-07,49,86,5,39.08927,93.5242228,7.17643268,-0.982712203119,0.380553651661,0.804786366973,0.00167512127493,0.701463475705,0.29686140302,O14626,GP171
3836,ENST00000309170,P2RY14,3,1,150931087,150932104,1017,3.80988562179e-06,9.05913246689e-06,3.82387526839e-07,52,121,5,43.5859,103.0609498,4.75162646,-0.790103867722,-0.864311150812,-0.112868791831,0.000377084300253,0.391065194698,0.608557721002,Q15391,P2Y14
3837,ENST00000325602,P2RY13,3,2,151045778,151047316,1065,3.67522294878e-06,8.93944130535e-06,3.61448671312e-07,47,105,1,39.66718,96.7850567,4.03067397,-0.721779975496,-0.408429120745,1.49534028955,0.327928323861,0.608033115283,0.0640385608556,Q9BPV8,P2Y13
3851,ENST00000260843,GPR87,3,2,151011956,151017888,1077,4.28513333384e-06,9.87060636378e-06,6.13003438049e-07,60,139,2,49.38964,112.6742203,7.78364951,-0.935969374613,-1.21306980241,2.05352507561,0.290536849,0.688587593792,0.0208755572079,Q9BY21,GPR87
3860,ENST00000389740,GPR149,3,4,154055487,154147404,2196,1.11297179344e-05,2.32804586014e-05,1.04318551517e-06,130,285,9,127.77841,265.4487809,13.49589526,-0.121839085603,-0.586947847298,1.21228577034,2.64644001821e-05,0.763728348073,0.236245187526,Q86SP6,GP149
3868,ENST00000302632,P2RY12,3,1,151055604,151056633,1029,3.93103791388e-06,9.14952730207e-06,3.86173580192e-07,48,91,2,44.95858,104.085144,4.79452376,-0.281202769994,0.627334652583,1.26422616098,0.107032257879,0.775862577886,0.117105164235,Q9H244,P2Y12
3869,ENST00000362032,SUCNR1,3,2,151597680,151599336,1005,3.30502447476e-06,8.63269571532e-06,6.33082658198e-07,47,114,10,38.2848059,98.648433,8.01115092,-0.873198681998,-0.75600413313,-0.696055841907,6.24867481072e-08,0.072966177555,0.927033759958,Q9BXA5,SUCR1
3871,ENST00000305097,P2RY1,3,1,152553571,152554693,1122,6.95304721603e-06,1.2817431702e-05,5.48382192307e-07,57,101,1,79.19857,145.6432494,6.632381,1.54637845757,1.80936689939,2.16644149605,0.581732803894,0.407649240494,0.0106179556124,P47900,P2RY1
3912,ENST00000355897,GPR160,3,1,169801760,169802777,1017,2.64506557579e-06,7.51379644162e-06,4.21287670215e-07,35,94,4,30.38825,85.5519709,5.19237383,-0.518635654637,-0.446742106305,0.518345321603,0.003756719926,0.63509640655,0.361146873524,Q9UJ42,GP160
3931,ENST00000241256,GHSR,3,2,172162950,172166203,1101,8.28050284084e-06,1.58352268597e-05,5.03858795049e-07,68,123,3,94.658,180.2546147,6.547018,1.69862837888,2.0858526191,1.37319229514,0.0433453469863,0.848697099777,0.107957553236,Q92847,GHSR
4128,ENST00000330055,ADRA2C,4,1,3768333,3769722,1389,1.75977548423e-05,2.98832090366e-05,8.45005068321e-07,79,74,1,146.689070081,248.881795463,7.33659377884,3.46472933183,5.42206203053,2.31738574033,0.645951820563,0.347840902337,0.0062072771,P18825,ADA2C
4153,ENST00000382487,GPR78,4,3,8582709,8589090,1092,1.08812411118e-05,1.95726722297e-05,5.45758811347e-07,107,220,7,99.4990147974,181.634340732,6.0777187632,-0.466185393438,-1.39238922825,-0.370580716001,1.28260435114e-05,0.219226647416,0.78076052654,Q96P69,GPR78
4165,ENST00000304374,DRD5,4,1,9783653,9785087,1434,1.15733298703e-05,2.13115292715e-05,6.42621942453e-07,101,224,16,131.5473,241.8831725,7.70013644,1.65113015508,0.562417459154,-2.9628621493,2.52172129081e-14,0.000655682425696,0.999344317574,P21918,DRD5
4205,ENST00000334304,GPR125,4,19,22389327,22517407,3966,1.96264304772e-05,4.30982131894e-05,3.16797112199e-06,198,438,8,213.454161949,470.167589702,42.9504117524,0.655757921775,0.725619124573,5.28272868656,0.916438558188,0.0835614401945,1.61712063814e-09,Q8IWK6,AGRA3
4216,ENST00000295589,CCKAR,4,5,26483259,26491889,1287,6.90441990051e-06,1.5517295913e-05,5.63764204457e-07,82,173,4,79.6606791124,176.365714938,8.38602916173,-0.162486424775,0.123960925771,1.50031686755,0.0174084828954,0.891371339906,0.0912201771991,P32238,CCKAR
4305,ENST00000514591,LPHN3,4,23,62363011,62936626,4410,1.66250836464e-05,4.13194777916e-05,3.46068393627e-06,208,348,2,164.488079842,401.9524691,41.6544438848,-2.10324725306,1.31625687125,6.08626523119,0.999992531172,7.4688281453e-06,2.85571942334e-15,Q9HAR2,AGRL3
4311,ENST00000226413,GNRHR,4,3,68606197,68620053,987,3.22276515532e-06,8.13245728552e-06,5.833384602e-07,44,110,4,37.771892,93.3997331,7.86663597,-0.628233892153,-0.840153849825,1.36561547223,0.0139680451263,0.86855315025,0.117478804624,P30968,GNRHR
4338,ENST00000308744,NPFFR2,4,4,72897618,73013529,1569,6.31086709089e-06,1.56808918998e-05,9.07077294933e-07,76,222,9,71.0752889818,174.531255097,11.6904133142,-0.362135227246,-1.75746687681,0.779459884842,9.71482184174e-06,0.550768575098,0.44922171008,Q9Y5X5,NPFF2
4493,ENST00000304883,TACR3,4,5,104510838,104640832,1398,7.27104422901e-06,1.54133618352e-05,9.02219765121e-07,56,148,10,84.477931,176.7320742,12.3178192,1.9208181648,1.0571243765,0.654187669095,1.89892528245e-06,0.442920783701,0.557077317373,P29371,NK3R
4560,ENST00000394427,QRFPR,4,6,122250468,122301802,1296,5.50640455294e-06,1.34840835014e-05,1.12536922033e-06,53,135,17,64.5200279889,154.263023227,15.0973888458,0.889110705181,0.758594133691,-0.485052598202,1.86675403551e-12,0.015876962332,0.984123037666,Q96P65,QRFPR
4643,ENST00000324300,EDNRA,4,7,148406833,148463770,1284,4.87904548413e-06,1.21907294823e-05,8.73108993343e-07,53,65,0,57.5985451837,139.629470781,12.6525572907,0.375633747847,3.08914579497,3.52353748119,0.986016088385,0.0139772626332,6.6489815427e-06,P25101,EDNRA
4659,ENST00000329476,NPY2R,4,1,156135091,156136237,1146,4.3839789337e-06,1.04632837844e-05,5.23901137573e-07,63,102,2,50.09049,118.9702393,6.35500504,-1.13078907861,0.76099944876,1.71127730731,0.188394784935,0.761861539011,0.0497436760538,P49146,NPY2R
4667,ENST00000515560,NPY5R,4,1,164271425,164272763,1338,3.97678911298e-06,1.05914412732e-05,4.66621628935e-07,54,115,1,45.47694,120.4223188,5.70601637,-0.783518704288,0.241683227896,1.95153624026,0.491800967519,0.487324549015,0.0208744834659,Q15761,NPY5R
4672,ENST00000307765,RXFP1,4,18,159443128,159573207,2274,7.4791208528e-06,1.88277456568e-05,1.87648526617e-06,80,217,15,89.1871318067,212.886486302,27.3594000292,0.603084577883,-0.137896712229,2.34063563988,3.0653042444e-07,0.981975911584,0.0180237818857,Q9HBX9,RXFP1
4673,ENST00000296533,NPY1R,4,2,164246454,164247706,1155,3.83527244799e-06,9.59092643266e-06,5.79260137537e-07,50,69,1,44.29263,109.5053831,7.40133044,-0.53164256963,1.89326604172,2.33080011557,0.651605218675,0.342491778369,0.00590300295672,P25929,NPY1R
4743,ENST00000307161,MTNR1A,4,2,187454842,187476519,1053,8.01879853601e-06,1.36547005951e-05,4.10348974452e-07,67,122,4,78.6027503019,135.532787605,4.82258291452,0.81131873509,0.568567330086,0.371047506184,0.00303239205971,0.588680835307,0.408286772633,P48039,MTR1A
4803,ENST00000382492,TAS2R1,5,1,9629244,9630144,900,3.28020282316e-06,7.60921711124e-06,2.33031437595e-07,48,114,1,37.58448,86.6331107,3.05939072,-1.05323707777,-1.43813601394,1.16630179059,0.241581130136,0.644129363858,0.114289506006,Q9NYW7,TA2R1
4851,ENST00000330120,RXFP3,5,1,33936845,33938255,1410,1.30376207628e-05,2.27575473333e-05,6.00847201339e-07,97,179,13,148.138,258.2668804,7.22682039,2.60471344669,2.41253679892,-2.12731175799,2.31380740274e-11,0.00510069797357,0.994899302003,Q9NSD7,RL3R1
4861,ENST00000302472,PTGER4,5,2,40681095,40692480,1467,1.05908412083e-05,2.09049303681e-05,9.38464865638e-07,74,114,1,120.83463,237.6953721,11.47119568,2.64131790068,3.92427677338,3.06253904636,0.896912956538,0.102887688059,0.000199355402832,P35408,PE2R4
4945,ENST00000323865,HTR1A,5,1,63256277,63257546,1269,1.0150028854e-05,1.82819218391e-05,6.75308202997e-07,75,129,0,115.4211,207.5570598,8.07047903,2.33246418047,2.66706206194,2.81409885047,0.926694462856,0.0728994010827,0.000406136061021,P08908,5HT1A
5003,ENST00000319211,F2R,5,2,76012132,76029328,1278,6.20779831581e-06,1.36160443173e-05,5.43955119681e-07,53,113,3,65.4803484698,140.622645914,6.42778503247,0.95613839512,1.13934022799,1.33928363391,0.0412384876728,0.844266417367,0.11449509496,P25116,PAR1
5008,ENST00000296641,F2RL2,5,2,75913406,75919055,1125,3.75709429152e-06,9.55060136694e-06,4.04506852732e-07,58,132,8,43.406853,109.0485026,5.42133936,-1.37315444025,-1.07502279033,-1.09706043041,7.36707093229e-07,0.0837335761161,0.916265687177,O00254,PAR3
5013,ENST00000296677,F2RL1,5,2,76115007,76129626,1194,4.46698017729e-06,1.02931636397e-05,6.20829548743e-07,53,110,5,48.7929502809,113.034365081,7.53736717773,-0.37337791174,0.139599534378,0.915510167561,0.00202251710093,0.73998993866,0.257987544239,P55085,PAR2
5052,ENST00000405460,GPR98,5,90,89854712,90459717,18921,6.64833760863e-05,0.000161045620767,1.27946097636e-05,794,2015,69,714.725657865,1686.8604937,163.353609281,-1.83828214827,-3.90783417693,7.31280242742,8.11098418588e-24,1.0,4.03949864985e-16,Q8WXG9,GPR98
5061,ENST00000380007,GPR150,5,1,94955979,94957284,1305,1.51925073955e-05,2.67298331212e-05,6.62411155691e-07,40,87,4,94.3087336889,165.753633404,4.33104029162,3.46691497507,2.99195742357,0.157570318673,0.00224716234978,0.524286126316,0.473466711334,Q8NGU9,GP150
5350,ENST00000311104,GPR151,5,1,145894416,145895676,1260,4.63130568731e-06,1.06349239792e-05,7.32663974669e-07,56,152,8,52.89276,120.9149562,8.7203322,-0.264865934378,-1.38269770193,0.241632875469,1.05612992862e-05,0.349525992478,0.650463446222,Q8TDV0,GP151
5370,ENST00000305988,ADRB2,5,1,148206394,148207636,1242,6.49113085349e-06,1.42343843546e-05,4.52992581887e-07,65,112,1,73.96496,161.6975881,5.55159696,0.646226422799,1.91161355818,1.91357068376,0.476493104047,0.500227172058,0.0232797238948,P07550,ADRB2
5371,ENST00000360693,HTR4,5,7,147862765,148016577,1287,5.72482962381e-06,1.2732447996e-05,8.22741969715e-07,65,133,2,64.7142662412,141.167139556,11.7415074598,-0.0220193913374,0.336215394402,2.81613795076,0.648787512759,0.349945875757,0.00126661148366,Q13639,5HT4R
5412,ENST00000255262,NMUR2,5,4,151771751,151784674,1248,5.87324551146e-06,1.33122465554e-05,6.71274232729e-07,62,156,2,68.221478,152.506916,9.28206148,0.466963147223,-0.138351136616,2.36767345387,0.421657260997,0.570605939899,0.00773679910353,Q9GZQ4,NMUR2
5427,ENST00000306675,ADRA1B,5,2,159343912,159399499,1563,1.3083576263e-05,2.44925878141e-05,5.98395027891e-07,71,111,2,121.231656454,228.061080808,6.25894391079,2.82825916492,3.79143370591,1.68632413749,0.182479134837,0.764932695367,0.0525881697955,P35368,ADA1B
5478,ENST00000393752,DRD1,5,1,174868761,174870102,1341,6.02379920191e-06,1.33061192805e-05,5.86846452603e-07,72,101,0,68.66999,151.1802089,7.06818954,-0.249121678398,1.99618792178,2.63356353675,0.896431549924,0.102589410586,0.000979039489834,P21728,DRD1
5488,ENST00000377291,HRH2,5,2,175110236,175112529,1194,5.98309531583e-06,1.30234452142e-05,5.44652049837e-07,66,70,0,64.44152,138.6414072,5.66668468,-0.120356023523,2.85138679574,2.35805661937,0.835273258712,0.161456301012,0.00327044027591,P25021,HRH2
5549,ENST00000231188,GRM6,5,10,178408657,178421945,2634,2.27400042267e-05,4.26021176087e-05,1.80317377895e-06,168,342,16,169.521063162,330.408823712,20.9374641361,0.0724261539723,-0.311902639805,1.06888665051,2.4181892053e-09,0.445039690246,0.554960307336,O15303,GRM6
5782,ENST00000377034,GABBR1,6,22,29571319,29600162,2886,1.40596699366e-05,3.38242083294e-05,2.7264005354e-06,145,155,2,150.446471745,356.769127654,37.9278108398,0.275280809534,5.22489479286,5.77885147323,0.999969901473,3.00985272129e-05,8.51371829337e-14,Q9UBS5,GABR1
5795,ENST00000377127,MAS1L,6,1,29454542,29455679,1137,4.61752464719e-06,1.02724032657e-05,4.09527001726e-07,35,133,5,52.73662,116.8075291,5.05912265,1.51413356357,-0.732816149193,0.0260379024171,0.000466205666114,0.43096583559,0.568567958744,P35410,MAS1L
5931,ENST00000538487,GRM4,6,10,33990597,34101273,2739,1.86242964577e-05,4.00904264895e-05,1.90921996245e-06,186,294,3,209.33934403,444.00882001,24.8189109033,1.00002733201,3.48206936366,4.3384183543,0.979350085369,0.0206497707127,1.43918052726e-07,Q14833,GRM4
5970,ENST00000373256,GLP1R,6,13,39016616,39053849,1392,7.75025883236e-06,1.62049673347e-05,1.53138198746e-06,94,123,6,81.820987216,168.382385385,20.5604825654,-0.834697435559,1.7106281254,3.18089051148,0.0640780487665,0.935275507344,0.000646443889175,P43220,GLP1R
6068,ENST00000283296,GPR116,6,20,46821728,46874499,4041,1.59128649138e-05,3.56757072482e-05,2.46450688337e-06,211,385,5,187.150245396,409.703516516,35.8348228673,-1.08078431374,0.596952898625,5.1024473699,0.990814985964,0.00918501323095,8.05432988494e-10,Q8IZF2,AGRF5
6086,ENST00000283303,GPR115,6,8,47674981,47686178,2088,7.21986037252e-06,1.84324785501e-05,1.21620740605e-06,100,263,11,84.9580368421,211.717670108,17.0098397067,-1.01169983367,-1.72387353874,1.4434522745,3.9103549201e-06,0.820575569482,0.179420520164,Q8IZF3,AGRF4
6094,ENST00000371253,GPR110,6,14,46967958,46996797,2733,1.02860167717e-05,2.396300113e-05,1.70327847324e-06,152,327,19,121.058251455,274.419463944,24.4058506252,-1.74339724802,-1.55250710934,1.08394383811,4.78541618592e-11,0.33887889119,0.661121108763,Q5T601,AGRF1
6095,ENST00000296862,GPR111,6,6,47624222,47650422,2127,6.5212079854e-06,1.71349691656e-05,1.13380227984e-06,96,244,15,65.652785,170.5975165,12.46829656,-2.32189067452,-2.74878611587,-0.71022992062,2.14380192634e-11,0.0180101075149,0.981989892464,Q8IZF7,AGRF2
6096,ENST00000371211,OPN5,6,7,47749802,47791727,1065,4.72246041631e-06,1.02006685161e-05,1.00712269085e-06,48,76,1,55.824946,117.6756039,13.48675797,0.649257453282,1.87912243019,3.36810417101,0.948752683072,0.0512136975958,3.36193322904e-05,Q6U736,OPN5
6123,ENST00000370862,HCRTR2,6,7,55039385,55147252,1335,6.06249407215e-06,1.48086878792e-05,1.25617411175e-06,74,129,5,69.3589269992,163.922396717,16.1390673685,-0.345474834029,1.33413992042,2.7466246771,0.0636440358462,0.933147715412,0.00320824874141,O43614,OX2R
6160,ENST00000370598,BAI3,6,30,69348567,70098783,4569,1.72622227934e-05,4.12402075457e-05,4.44935529242e-06,226,414,3,202.658669484,468.089094934,60.4998958419,-1.01646371816,1.22281837633,7.32283842229,0.999999966236,3.37639099312e-08,1.1227196131e-21,O60242,AGRB3
6163,ENST00000369947,HTR1B,6,1,78171947,78173120,1173,8.11723904643e-06,1.54636266901e-05,6.10141048567e-07,74,109,1,92.38911,175.6252468,7.33212108,1.18604124839,2.45901745253,2.31645612624,0.645559516982,0.348211647205,0.00622883581239,P28222,5HT1B
6205,ENST00000537554,CNR1,6,1,88853574,88854993,1419,7.88740684311e-06,1.61598304328e-05,4.73594227423e-07,94,108,2,89.78506,183.5133379,5.78501738,-0.27576476822,2.72650415717,1.55885336215,0.155072221772,0.776107848886,0.0688199293417,P21554,CNR1
6207,ENST00000305344,HTR1E,6,1,87725052,87726150,1098,5.18633736395e-06,1.17686006796e-05,4.20739745613e-07,57,98,3,59.18138,133.7597869,5.18616488,0.175787599184,1.5123375785,0.95093197538,0.0237097657741,0.772281465609,0.204008768617,P28566,5HT1E
6226,ENST00000229955,GPR63,6,1,97246347,97247607,1260,4.45519647453e-06,1.14381776083e-05,6.10945811695e-07,57,140,1,50.8974,130.0160594,7.34123963,-0.53029380393,-0.428270455984,2.31835074683,0.646359079516,0.347455962334,0.00618495814931,Q9BZJ6,GPR63
6253,ENST00000281806,MCHR2,6,5,100368815,100404023,1023,3.43736069583e-06,8.79893141095e-06,7.45004496735e-07,46,117,8,41.041493,101.7892118,10.53653788,-0.479831859919,-0.737424742005,0.774073266106,3.50210575927e-05,0.587613971917,0.412351007025,Q969V1,MCHR2
6280,ENST00000275169,GPR6,6,1,110300315,110301404,1089,1.08545223419e-05,1.75443429638e-05,3.39528849675e-07,73,105,0,123.4031,199.2001247,4.26602846,2.81283121609,3.26454798974,2.04598075202,0.746040034733,0.243495944592,0.0104640206755,P46095,GPR6
6312,ENST00000310357,GPRC6A,6,6,117113304,117150176,2781,8.37793209921e-06,2.24005413829e-05,1.45533117664e-06,115,311,20,97.438288,256.3173715,19.00378302,-1.10293879255,-1.67061552851,-0.226372462415,4.63567516086e-14,0.012878513931,0.987121486069,Q5T6X5,GPC6A
6373,ENST00000258034,TAAR5,6,1,132909811,132910825,1014,3.94976462269e-06,9.07738995569e-06,3.65145576705e-07,53,146,8,45.17076,103.2678168,4.55627214,-0.722171500043,-2.05678679003,-1.59813579636,3.457521876e-07,0.0543099309855,0.945689723262,O14804,TAAR5
6378,ENST00000275200,TAAR8,6,1,132873831,132874860,1029,3.92792655831e-06,8.74366746633e-06,3.55282613692e-07,51,124,5,44.92333,99.4866656,4.44452229,-0.562055414188,-1.2020881887,-0.261001972724,0.000303108489622,0.352606698226,0.647090193284,Q969N4,TAAR8
6379,ENST00000275216,TAAR1,6,1,132966122,132967142,1020,2.88729998034e-06,8.11444732209e-06,3.47219044126e-07,40,133,5,33.13281,92.3574719,4.35316002,-0.739604192412,-2.06852690277,-0.307103127144,0.000283698038082,0.341498193391,0.658218108571,Q96RJ0,TAAR1
6384,ENST00000275198,TAAR6,6,1,132891460,132892498,1038,4.44624644462e-06,9.44883734222e-06,4.70451112003e-07,73,156,2,50.79599,107.4763887,5.7494054,-1.93137301631,-2.28935355943,1.54896166626,0.153131232007,0.776669336584,0.0701994314091,Q96RI8,TAAR6
6385,ENST00000367931,TAAR2,6,2,132938288,132945414,1056,3.11396729589e-06,8.23757177636e-06,5.74534159537e-07,49,142,8,35.9354209637,93.7203025752,7.24820036072,-1.35108775198,-2.43929439184,-0.276615628448,3.41448199447e-06,0.195974534396,0.804022051122,Q9P1P5,TAAR2
6407,ENST00000258042,NMBR,6,3,142396784,142409795,1173,6.52278892375e-06,1.35761313358e-05,3.98372391714e-07,72,188,5,75.16185,155.0776826,5.7709315,0.226095508324,-1.29309955894,0.317894184701,0.000742388919471,0.525872445885,0.473385165196,P28336,NMBR
6413,ENST00000367609,GPR126,6,25,142623466,142764652,3753,1.20088312838e-05,2.99537285812e-05,2.91267204888e-06,142,339,9,133.541755691,319.599769878,38.4770388789,-0.453752255462,-0.530785944204,4.70730915145,0.283489107749,0.716510561393,3.3085739686e-07,Q86SQ4,GP126
6425,ENST00000361719,GRM1,6,8,146350653,146755932,3585,2.07281888891e-05,4.17837866602e-05,2.06742367831e-06,215,280,3,238.207472,476.7717854,26.7771114,0.932180742312,4.40782199898,4.55162977157,0.989964591708,0.0100353838551,2.44371229842e-08,Q13255,GRM1
6472,ENST00000434900,OPRM1,6,5,154360295,154439856,1482,7.41796706282e-06,1.67570159222e-05,1.25514492146e-06,63,189,9,70.5539242898,158.815795677,14.4661537127,0.557521063584,-1.1715188187,1.42362313954,4.20778097355e-05,0.844762544857,0.155195377333,P35372,OPRM
6499,ENST00000252660,MAS1,6,1,160327987,160328965,978,4.52878913042e-06,1.04346955916e-05,4.95115202325e-07,62,128,5,51.73122,118.6464219,6.02885479,-0.885099162066,-0.420018061559,0.415074782976,0.000870823408356,0.56012575942,0.439003417172,P04201,MAS
6504,ENST00000366834,GPR31,6,1,167570359,167571319,960,5.22223685148e-06,1.06110860175e-05,3.73409139517e-07,62,130,5,59.58813,120.6449574,4.64989932,-0.193697265548,-0.416586885015,-0.160827722924,0.000351018338142,0.378149617868,0.621499363793,O00270,GPR31
6505,ENST00000341935,CCR6,6,2,167549622,167550843,1125,5.54910667691e-06,1.1346110827e-05,5.98607953979e-07,73,84,3,63.710722,129.391937,7.62054572,-0.721481465054,1.95182697445,1.65802077108,0.0664814988845,0.871248567268,0.0622699338479,P51684,CCR6
6537,ENST00000397095,GPR146,7,1,1097151,1098153,1002,8.21727724978e-06,1.46586810234e-05,4.15315883389e-07,91,172,4,85.5073124513,152.234869143,4.68550430936,-0.368241687644,-0.783534861452,0.313705227916,0.00279412642317,0.570960083417,0.42624579016,Q96CH1,GP146
6546,ENST00000397092,GPER1,7,1,1131364,1132492,1128,9.16132294518e-06,1.73307182518e-05,3.15985744021e-07,99,151,0,104.2188,196.7797656,3.99928023,0.316918131651,1.59624676342,1.98098231537,0.725420978639,0.261605333574,0.0129736877874,Q99527,GPER1
6676,ENST00000326139,GHRHR,7,13,31003683,31018859,1272,6.65404261073e-06,1.39249125606e-05,1.28766534896e-06,77,149,7,66.1861478379,135.679280705,16.3481979451,-0.824036083371,-0.559353843912,2.29024867809,0.0026794593772,0.983226465302,0.0140940753204,Q02643,GHRHR
6677,ENST00000348438,CRHR2,7,13,30693075,30739649,1317,8.0661429872e-06,1.66602298237e-05,1.61305511244e-06,60,139,12,71.9815957481,151.752477501,17.1354116809,0.875494708248,0.50634200365,1.22890341359,6.66041350023e-07,0.69374267643,0.306256657528,Q13324,CRFR2
6691,ENST00000396211,ADCYAP1R1,7,16,31102880,31146298,1491,6.47165692211e-06,1.50241686194e-05,1.68281770693e-06,75,130,9,73.628718807,160.718163622,23.2663359681,-0.0990722441543,1.18516733719,2.92980116529,0.00133478497077,0.997041488624,0.00162372640485,P41586,PACR
6711,ENST00000359791,NPSR1,7,9,34698024,34917796,1134,4.51163778347e-06,1.06852396345e-05,1.30153034465e-06,61,154,12,53.2542709284,119.593016135,17.5249451989,-0.658013081445,-1.5388999576,1.30734236424,8.17770169569e-07,0.736305524844,0.263693657386,Q6W5P4,NPSR1
6716,ENST00000447769,GPR141,7,1,37779995,37780913,918,3.45205028e-06,8.5306888557e-06,2.72026725601e-07,44,120,6,39.53154,97.0735805,3.5012156,-0.440590856602,-1.13815700199,-1.32284537057,1.53229743186e-05,0.131960568105,0.868024108921,Q7Z602,GP141
6884,ENST00000361669,GRM3,7,5,86394461,86493671,2640,1.34923176166e-05,2.96974176022e-05,1.68861135783e-06,142,207,2,154.966267,338.5734393,21.22780138,0.645723984508,3.49750331389,4.13396474491,0.984710456533,0.0152892040997,3.39367773703e-07,Q14832,GRM3
6906,ENST00000287934,FZD1,7,1,90894195,90896139,1944,1.8797273264e-05,3.22963197764e-05,1.09201684639e-06,130,158,3,213.3961,366.3431323,12.79187658,3.53917444163,5.32416648261,2.71199254063,0.344486647878,0.652610981299,0.00290237082284,Q9UP38,FZD1
6927,ENST00000359558,CALCR,7,14,93055667,93125243,1527,6.12531500457e-06,1.52313763763e-05,1.59964642357e-06,67,167,11,72.1873806031,171.274967227,22.2796112855,0.378500893526,0.159773808508,2.36717317665,3.37646968832e-05,0.987226089935,0.0127401453679,P30988,CALCR
7077,ENST00000304402,GPR22,7,1,107114505,107115807,1302,3.65278462699e-06,1.0507988636e-05,1.17420165445e-06,45,82,3,41.80591,119.4768129,13.72304975,-0.306251161867,1.67701596154,2.86736317979,0.427181284607,0.571277791271,0.00154092412215,Q99680,GPR22
7101,ENST00000297146,GPR85,7,1,112723663,112724776,1113,4.02671443297e-06,9.49255694739e-06,4.24153042449e-07,46,71,0,46.04261,107.9717454,5.22483828,0.00389296969344,1.74032720846,2.26425902558,0.810447100377,0.184807034061,0.00474586556236,P60893,GPR85
7105,ENST00000249284,TAS2R16,7,1,122634812,122635688,876,2.74987924475e-06,6.98382986774e-06,3.3994365622e-07,41,113,3,31.5758,79.5473457,4.27072936,-1.03972097091,-1.83456955442,0.609104363401,0.01499653024,0.687907097819,0.297096371941,Q9NYV7,T2R16
7133,ENST00000303921,GPR37,7,2,124386578,124405030,1842,1.12296184434e-05,2.34630086773e-05,1.14317630047e-06,93,196,2,128.0721,266.6789403,13.7906185,1.92125039795,2.11695630874,3.14509951657,0.799390711133,0.20036797344,0.000241315426991,O15354,GPR37
7142,ENST00000339582,GRM8,7,10,126079172,126883258,2727,1.05210348993e-05,2.69021395927e-05,2.33429349511e-06,137,297,10,123.396474,308.997813,30.63899714,-0.75918699722,0.333841554603,3.69352452159,0.00403862298852,0.995894541323,6.68356886704e-05,O00222,GRM8
7147,ENST00000249389,OPN1SW,7,5,128412593,128415844,1047,5.10010549022e-06,1.19025954958e-05,5.83474240976e-07,70,138,2,59.880738,136.9543751,8.70636604,-0.810689648607,-0.0437012670108,2.25143019774,0.369090989257,0.619466939914,0.0114420708288,P03999,OPSB
7157,ENST00000249373,SMO,7,12,128828992,128852292,2364,1.49832722916e-05,3.14554232043e-05,2.11010545369e-06,114,208,7,115.270770253,260.673599752,24.9519742158,0.0733781873203,1.59573560348,3.55999598314,0.0637118150615,0.936155997013,0.000132187925918,Q99835,SMO
7188,ENST00000445907,CHRM2,7,1,136699612,136701013,1401,4.49175154463e-06,1.17767558984e-05,4.94274869008e-07,58,90,4,51.31158,133.8522414,6.01933402,-0.578849038377,1.85393763709,0.815311628499,0.00587059361265,0.728438524981,0.265690881406,P08172,ACM2
7220,ENST00000247883,TAS2R5,7,1,141490161,141491061,900,3.0274152831e-06,7.97395742269e-06,4.86987858437e-07,30,103,6,34.72034,90.7656909,5.93677079,0.49662747456,-0.628109095404,-0.0257058702516,0.000103902616891,0.359856846316,0.640039251067,Q9NYW4,TA2R5
7223,ENST00000547270,TAS2R38,7,1,141672487,141673489,1002,3.18978933399e-06,8.59730026345e-06,2.84309966079e-07,49,94,2,36.56007,97.828297,3.64038794,-1.27545135628,0.18931725305,0.851652483456,0.0653904023684,0.729870733607,0.204738864025,P59533,T2R38
7232,ENST00000247881,TAS2R4,7,1,141478288,141479188,900,3.07554196503e-06,7.27834305019e-06,2.33748031384e-07,32,93,2,35.26563,82.8842393,3.06750995,0.340910707525,-0.543474369266,0.603765974218,0.0497384495025,0.687819590473,0.262441960024,Q9NYW5,TA2R4
7235,ENST00000247879,TAS2R3,7,1,141463958,141464909,951,3.01899096513e-06,7.39812765086e-06,2.68034565753e-07,52,112,5,34.62489,84.2414284,3.45598427,-1.83055518162,-1.47928105041,-0.822726597508,0.000144123847766,0.242656940126,0.757198936026,Q9NYW6,TA2R3
7243,ENST00000446620,TAS2R39,7,1,142880511,142881528,1017,3.3348594196e-06,7.99957395824e-06,4.15925954103e-07,42,120,9,38.20374,91.0559369,5.13162465,-0.380760999392,-1.48361690125,-1.69157331281,5.30383482902e-08,0.0349496639625,0.965050282999,P59534,T2R39
7247,ENST00000408947,TAS2R40,7,1,142919171,142920143,972,3.46231758268e-06,8.23474401059e-06,3.60406248987e-07,47,100,4,39.64788,93.720462,4.50257375,-0.723855748481,-0.317268588004,0.234616788225,0.00249983201308,0.546994833329,0.450505334658,P59535,T2R40
7261,ENST00000332690,TAS2R60,7,1,143140545,143141502,957,3.05028322345e-06,8.44658138303e-06,4.22252311711e-07,52,95,7,34.97944,96.1206193,5.20330295,-1.7840905421,0.0559070416261,-0.780234217263,6.30040071512e-06,0.149347097804,0.850646601796,P59551,T2R60
7263,ENST00000408916,TAS2R41,7,1,143174965,143175889,924,3.77296267836e-06,7.84301032376e-06,6.54297477547e-07,44,105,11,43.16755,89.2820341,7.83242342,-0.0785468760242,-0.813637295518,-1.12116276272,4.93429098643e-09,0.0320464133815,0.967953581684,P59536,T2R41
7338,ENST00000287907,HTR5A,7,2,154862609,154876197,1074,8.52615868359e-06,1.64180327258e-05,4.54877419741e-07,79,153,4,97.44134,186.8579281,5.99204853,1.15816470447,1.21149251002,0.806124192933,0.00578863422657,0.725636088195,0.268575277578,P47898,5HT5A
7346,ENST00000262178,VIPR2,7,13,158823306,158937463,1317,8.97377726745e-06,1.60355592447e-05,1.82118466999e-06,76,152,13,88.08196963,155.700694799,21.6850331368,0.798075056403,0.145062462273,1.84748593006,9.34378712597e-07,0.923493205744,0.0765058598772,P41587,VIPR2
7474,ENST00000380586,ADRA1A,8,3,26606106,26722486,1428,9.5757676481e-06,1.85046523093e-05,6.38655527227e-07,93,163,9,99.71824,189.0575747,7.48923926,0.417078376956,0.926944622479,-0.546847886253,4.17186626185e-07,0.11382696582,0.886172616994,P35348,ADA1A
7498,ENST00000240093,FZD3,8,6,28360530,28420528,2001,6.53969266896e-06,1.94899686337e-05,1.60799842467e-06,81,140,5,76.610658,223.3399773,20.73353682,-0.31088811742,2.7276375984,3.42278253421,0.27543538232,0.724353383734,0.000211233946274,Q9NPG1,FZD3
7520,ENST00000412232,GPR124,8,19,37654786,37699873,4017,3.09395799794e-05,5.92755318472e-05,2.65504040023e-06,217,382,12,276.293669719,531.892380442,32.5040737619,2.21142673067,3.17895346759,3.56255017692,0.000300880854492,0.999584175094,0.000114944051475,Q96PE1,AGRA2
7531,ENST00000345060,ADRB3,8,2,37821735,37823987,1227,1.27810244904e-05,2.30597202296e-05,4.81540670767e-07,50,80,1,87.6202904187,157.659233092,3.98406495062,2.49154767567,3.0251695453,1.48093082117,0.323569934346,0.610501854306,0.0659282113477,P13945,ADRB3
7586,ENST00000265572,OPRK1,8,3,54141856,54163597,1143,7.12056266791e-06,1.48961876636e-05,6.87971401646e-07,61,139,4,75.3861907646,160.086396424,8.5737683893,1.02718661011,0.815157810573,1.54731245128,0.0188155191797,0.898090681253,0.0830937995668,P41145,OPRK
7590,ENST00000331251,NPBWR1,8,1,53852467,53853454,987,1.07794793918e-05,1.84811703253e-05,3.18005969446e-07,63,140,5,102.00364694,174.633605315,3.34774676825,2.3941225936,1.28188832432,-0.894519912021,0.000132406812726,0.232138834307,0.76772875888,P48145,NPBW1
7789,ENST00000358755,FZD6,8,6,104312335,104343737,2121,7.3157116209e-06,1.83050785283e-05,1.56174359401e-06,82,189,14,85.403125,209.9149268,20.20945905,0.228292243481,0.70607465667,1.36825212435,8.02772643839e-08,0.716747382496,0.283252537226,O60353,FZD6
7797,ENST00000518632,TRHR,8,2,110099741,110131684,1197,3.84278509138e-06,9.42613094606e-06,5.8429533305e-07,44,100,2,44.37775,107.6382213,7.4583803,0.0351537198339,0.36010095631,1.97984519578,0.265021780649,0.709368272831,0.0256099465199,P34981,TRFR
7865,ENST00000377741,GPR20,8,1,142366946,142368023,1077,9.04590828747e-06,1.8160907042e-05,3.52411479149e-07,81,160,1,90.7954659871,181.911894442,3.89257214601,0.637298030048,0.794631795386,1.45229749733,0.315068599678,0.615155302774,0.0697760975488,Q99678,GPR20
7878,ENST00000517894,BAI1,8,30,143545559,143625778,4755,3.94515576e-05,7.71384432905e-05,3.81344647394e-06,265,285,3,271.250025649,539.721605787,38.5365088537,0.235258097314,5.36287179219,5.67058996359,0.999875311419,0.000124688580228,5.4936567453e-13,O14514,BAI1
8221,ENST00000375846,S1PR3,9,1,91616115,91617252,1137,7.37859802543e-06,1.53858180378e-05,3.22501306397e-07,77,129,2,84.02015,174.7436433,4.07310333,0.474792804024,1.69256844809,1.01753189038,0.0793338897465,0.753193215386,0.167472894867,Q99500,S1PR3
8276,ENST00000259455,GABBR2,9,19,101052865,101471019,2826,1.76343612074e-05,3.55925459686e-05,2.36428578559e-06,158,146,2,181.932872737,364.608058356,32.7364738924,1.09999110024,5.59976238936,5.32142289313,0.999790262522,0.000209737468491,9.63726054104e-12,O75899,GABR2
8340,ENST00000374431,LPAR1,9,3,113637700,113734397,1095,4.1565601767e-06,1.23360788418e-05,4.95411586915e-07,57,79,5,48.351974,141.0276384,6.8704062,-0.771009135126,2.5547557611,0.706861620662,0.00141898105564,0.666257490175,0.332323528769,Q92633,LPAR1
8435,ENST00000334810,GPR144,9,20,127213422,127239379,2892,2.11964892113e-05,4.10231827104e-05,2.42167866967e-06,1,3,0,0.187947085,0.3282862277,0.10018953568,-1.16122387829,-2.28076261872,0.313545662683,0.315055470945,0.48837985886,0.196564670196,Q7Z7M1,AGRD2
8444,ENST00000373642,GPR21,9,1,125796845,125797895,1050,3.73114564314e-06,9.56954142487e-06,4.28011577096e-07,50,104,3,42.69376,108.8439902,5.26855702,-0.693204328979,0.227100649136,0.979024456779,0.0246511140506,0.77857824137,0.196770644579,Q99679,GPR21
8532,ENST00000372406,GPR107,9,20,132816211,132897400,1803,7.69399079826e-06,1.6856064195e-05,1.65881303967e-06,75,139,4,75.6786362012,159.548230719,23.3265401863,0.0483617791146,0.795690704482,3.96386254655,0.839149575741,0.160845028263,5.39599606151e-06,Q5VW38,GP107
8764,ENST00000376351,GPR158,10,11,25464349,25888203,3648,1.81114053429e-05,4.0174855074e-05,3.00400963338e-06,189,412,8,209.468143766,458.822523441,38.5439850342,0.876734389941,1.06917479344,4.87345682308,0.678504824963,0.32149510873,6.63072000476e-08,Q5T848,GP158
8836,ENST00000374312,NPY4R,10,1,47086783,47087911,1128,5.61108954768e-06,1.15838105105e-05,4.39428867359e-07,98,198,10,63.99392,131.6660777,5.39791741,-2.63534033455,-2.82758066337,-1.96214457638,6.11597013241e-09,0.0189782625125,0.981021731372,P50391,NPY4R
8930,ENST00000373306,TACR2,10,5,71164581,71176079,1197,6.63196732445e-06,1.43474085608e-05,5.9891474523e-07,71,139,9,73.0577547813,157.38021598,8.52460273435,0.149248140576,0.716624441652,-0.161290690179,9.87812061996e-07,0.182986486293,0.817012525895,P21452,NK2R
8947,ENST00000277942,NPFFR1,10,4,72014712,72043432,1293,1.06098649195e-05,2.07526621441e-05,6.1183160066e-07,62,104,10,72.2523750371,142.346949508,5.10266776414,0.747735710561,1.57207302335,-2.14758634495,4.68664713029e-09,0.0162408819112,0.983759113402,Q9GZQ6,NPFF1
9012,ENST00000372071,OPN4,10,11,88414540,88425508,1470,8.03188930387e-06,1.8276859287e-05,9.99973049638e-07,98,230,11,89.2217464062,194.370035385,14.6382490921,-0.57613206394,-1.25002204215,0.941971045742,1.10189210026e-06,0.561370743387,0.438628154721,Q9UHM6,OPN4
9057,ENST00000336152,HTR7,10,4,92502238,92617428,1440,9.58105525397e-06,1.79563149082e-05,7.58786087158e-07,85,150,4,104.535088223,196.022457964,10.0708283874,1.18449716301,1.60780608264,1.89498195289,0.0340176985625,0.927571168254,0.0384111331838,P34969,5HT7R
9071,ENST00000371483,FFAR4,10,4,95326477,95347366,1134,8.46664041828e-06,1.6879844704e-05,8.23516863541e-07,74,113,5,82.5712410837,164.009604001,9.72986366747,0.584761437456,1.94820098818,1.50205198175,0.00557249326542,0.897975383211,0.0964521235237,Q5NUL3,FFAR4
9266,ENST00000239032,PRLHR,10,1,120353643,120354756,1113,1.13283853516e-05,2.04096193782e-05,4.28341001836e-07,74,141,5,120.382077477,216.570476308,4.92877825051,2.62070964413,2.51170792202,-0.0317784432969,0.000426453630646,0.413912411337,0.585661135033,P49683,PRLHR
9304,ENST00000284674,GPR26,10,3,125425923,125447676,1014,9.7239222748e-06,1.76182169293e-05,6.22387472121e-07,70,70,1,84.2585048673,153.734478061,7.12698327175,0.962978128175,3.3032025938,2.27344008914,0.627337376565,0.365365814953,0.00729680848172,Q8NDV2,GPR26
9330,ENST00000392607,GPR123,10,6,134902413,134943015,1683,1.59735943911e-05,2.70642247573e-05,9.72234342761e-07,125,178,2,136.226148635,231.037379522,10.2424863602,0.596277215467,1.70670139125,2.55120435777,0.512155117709,0.483927296005,0.00391758628608,Q86SQ6,AGRA1
9383,ENST00000176183,DRD4,11,4,637304,640603,1260,1.58486018689e-05,2.70388759515e-05,5.67402141309e-07,95,168,7,109.732445256,191.642086122,5.42760333671,0.871877718129,0.835328027434,-0.668571340306,7.58378913666e-06,0.1653037171,0.834688699111,P21917,DRD4
9442,ENST00000436689,MRGPRE,11,1,3249090,3250026,936,6.83800701737e-06,1.363317933e-05,4.70383050191e-07,67,124,6,66.3287595395,131.887399158,4.89503998087,-0.0510947568508,0.335929899557,-0.494718460293,4.75586456401e-05,0.243185161823,0.756767279531,Q86SM8,MRGRE
9447,ENST00000396952,OR51E1,11,1,4673756,4674713,957,3.66674332454e-06,1.03720834572e-05,3.73018518062e-07,36,123,5,41.96406,117.9369243,4.64547374,0.570758940956,-0.22803844426,-0.162938267111,0.000349920575008,0.377591465236,0.622058614189,Q8TCB6,O51E1
9513,ENST00000334619,CCKBR,11,5,6281158,6292773,1344,9.83810210093e-06,2.13136070329e-05,1.31698538974e-06,87,195,9,109.9989685,236.180928767,16.4079842371,1.35945246241,1.31065956312,1.81159915824,9.67009048155e-05,0.939091766207,0.0608115328878,P32239,GASR
9599,ENST00000314254,MRGPRX4,11,1,18194803,18195772,969,5.28181685451e-06,1.1571752483e-05,3.16057727422e-07,66,132,4,60.26318,131.5294354,4.000096,-0.458136248506,-0.020070442122,4.75472875451e-05,0.00181856462826,0.480193921145,0.517987514227,Q96LA9,MRGX4
9602,ENST00000396275,MRGPRX3,11,1,18158749,18159718,969,5.49794719498e-06,1.14688082376e-05,3.55109407105e-07,75,157,9,62.71198,130.3631037,4.4425599,-0.961958085169,-1.14109767132,-2.14187448133,2.86211366895e-08,0.0244040561886,0.97559591519,Q96LB0,MRGX3
9620,ENST00000302797,MRGPRX1,11,1,18955362,18956331,969,5.2909344181e-06,1.07071747622e-05,3.32109825291e-07,95,151,2,60.36648,121.7335638,4.18196964,-2.76342814421,-1.29741978324,1.05693434079,0.0831473169654,0.757902180777,0.158950502257,Q96LB2,MRGX1
9634,ENST00000329773,MRGPRX2,11,1,19076956,19077949,993,4.83979351381e-06,1.02349116209e-05,3.5987609924e-07,63,123,4,55.25497,116.3827596,4.49656761,-0.64593226568,-0.300017331704,0.231967705458,0.00249061218606,0.546202975431,0.451306412383,Q96LB1,MRGX2
9646,ENST00000379214,LGR4,11,18,27389413,27493849,2856,1.23809250302e-05,2.60079765195e-05,1.96333049005e-06,125,239,3,115.308910441,255.323892158,28.2142582466,-0.559488434323,0.499683178567,4.70220555737,0.994112645257,0.00588734811671,6.62628278813e-09,Q9BXB1,LGR4
9718,ENST00000433765,CHRM4,11,1,46406667,46408107,1440,9.21828182172e-06,1.99795735144e-05,6.43312984048e-07,111,113,0,104.8642,226.7917881,7.70796675,-0.371455701406,3.69584498818,2.75017048069,0.916843942226,0.0825970014211,0.000559056352506,P08173,ACM4
9818,ENST00000606794,APLNR,11,1,57003335,57004478,1143,6.41471500734e-06,1.46572385295e-05,4.13856068501e-07,94,167,1,73.09915,166.4886801,5.10817225,-1.5155046142,-0.0193820581207,1.80055159916,0.432459659997,0.535895393336,0.0316449466666,P35414,APJ
9881,ENST00000332539,PTGDR2,11,1,60620007,60621195,1188,1.15612113972e-05,2.27339913389e-05,3.08553117944e-07,46,73,1,78.0577342198,153.252346092,2.32555577443,2.24943911462,3.17081148753,0.861041959378,0.184110369284,0.645925326023,0.169964304694,Q9Y5Y4,PD2R2
9956,ENST00000306960,CHRM1,11,1,62677189,62678572,1383,6.60713934954e-06,1.72532805778e-05,6.9195442067e-07,75,95,0,75.27936,195.9023543,8.25908395,0.0199607015503,3.52612806682,2.84679132981,0.931378496611,0.0682777546513,0.000343748737644,P11229,ACM1
9997,ENST00000411458,GPR137,11,9,64051838,64056837,1428,8.21345827314e-06,1.84482264444e-05,1.16132928456e-06,87,136,3,87.8976231013,189.334189562,14.3384943139,0.0593544706151,1.89586607861,2.96615128837,0.48439826966,0.514604315712,0.000997414628194,Q96N19,G137A
10109,ENST00000312457,GPR152,11,1,67218782,67220195,1413,8.90005080269e-06,1.7165074755e-05,7.27204036469e-07,106,172,8,101.2585,194.9029166,8.65846926,-0.292112016474,0.802412630755,0.221668834764,1.00978862124e-05,0.342011538842,0.657978363272,Q8TDT2,GP152
10126,ENST00000309099,MRGPRF,11,2,68772745,68777369,1032,8.40210305327e-06,1.57736565326e-05,4.76927018606e-07,56,91,1,65.0069725705,121.588512091,4.4789470247,0.692545366682,1.35683922352,1.62835676484,0.370675550581,0.581207198681,0.0481172507381,Q96AM1,MRGRF
10134,ENST00000309106,MRGPRD,11,1,68747489,68748455,966,5.16266246688e-06,1.10651615437e-05,3.91279466694e-07,55,126,5,58.91313,125.7896651,4.85237467,0.3160586809,-0.0091713479765,-0.0663855266088,0.000404522656857,0.404007495211,0.595587982132,Q8TDS7,MRGRD
10156,ENST00000393590,P2RY6,11,1,73007563,73008550,987,5.89810515129e-06,1.40509337938e-05,3.9463885301e-07,73,129,8,67.24586,159.6190614,4.89043737,-0.435007861333,1.18540419786,-1.39288449362,4.63834764453e-07,0.0642984410076,0.935701095158,Q15077,P2RY6
10158,ENST00000311131,P2RY2,11,1,72945204,72946338,1134,8.6146168342e-06,1.82250085852e-05,6.49117911532e-07,80,169,3,98.0245,206.9122577,7.77373748,1.12861383518,1.28914998689,1.69602913639,0.0704719841365,0.872118357164,0.0574096586994,P41231,P2RY2
10254,ENST00000531380,FZD4,11,2,86662183,86666127,1614,7.4889254074e-06,1.67313812402e-05,6.47470767291e-07,82,159,0,80.1725147006,181.078516211,7.84802246815,-0.126529483812,0.802513995433,2.77504352249,0.920786850569,0.0787189442284,0.000494205202385,Q9ULV1,FZD4
10255,ENST00000257068,MTNR1B,11,2,92702891,92715478,1089,6.78186089994e-06,1.42014303182e-05,5.77808573588e-07,74,151,4,71.0385222581,150.071367121,6.8179742051,-0.217826827588,-0.0370762814669,1.06905233859,0.00870272985599,0.801025518488,0.190271751656,P49286,MTR1B
10265,ENST00000418177,GRM5,11,9,88241759,88781040,3639,2.08512593738e-05,4.16986915318e-05,2.04417972746e-06,188,234,3,205.174339733,423.922865238,25.8730941452,0.743304878051,4.51180541514,4.45441289201,0.985984068271,0.0140158762707,5.54584531757e-08,P41594,GRM5
10277,ENST00000243673,GPR83,11,4,94113314,94134413,1272,6.45998886082e-06,1.38778898906e-05,7.5350992119e-07,82,186,4,72.6549779263,155.102517543,9.94902656776,-0.679668274024,-1.21347383534,1.86829434712,0.0324677129065,0.926569090755,0.0409631963386,Q9NYM4,GPR83
10371,ENST00000362072,DRD2,11,7,113281448,113295373,1332,8.0271000928e-06,1.74150425672e-05,8.8853251529e-07,95,103,2,92.3836149784,196.682371205,12.8002423643,-0.168754161729,3.26732025005,2.99029536212,0.733263888671,0.266190452794,0.000545658534575,P14416,DRD2
10430,ENST00000292174,CXCR5,11,2,118754650,118765372,1119,6.73763412625e-06,1.44773881301e-05,4.62001142028e-07,76,90,2,76.0557478472,163.182184944,5.8786463626,0.00396303853233,2.80211237692,1.58464213679,0.160253789734,0.774441435138,0.0653047751273,P32302,CXCR5
10614,ENST00000329858,LPAR5,12,1,6729295,6730414,1119,1.17255492227e-05,2.14266027593e-05,6.82822285217e-07,51,114,3,92.636099133,169.036927821,5.66889063009,2.68181866406,2.070521024,1.11037955785,0.0296429210795,0.806050158585,0.164306920335,Q9H1C0,LPAR5
10634,ENST00000311268,GPR162,12,4,6933064,6936369,1767,1.01780019196e-05,2.37476196742e-05,1.02560276305e-06,140,219,5,111.483796834,260.211913213,12.5539676172,-1.67430752295,1.24961297855,2.11190468438,0.0171343880053,0.960229807584,0.0226358044111,Q16538,GP162
10664,ENST00000307637,C3AR1,12,1,8211332,8212781,1449,5.45876699649e-06,1.28243670776e-05,6.53508425808e-07,64,184,7,62.26806,145.721881,7.82348276,-0.136066006979,-1.55097383942,0.291638015152,4.69335718249e-05,0.417567355969,0.582385710459,Q16581,C3AR
10705,ENST00000538986,TAS2R20,12,1,11149544,11150474,930,2.91211468886e-06,7.09718015469e-06,4.49094454501e-07,45,105,4,33.41397,80.8316248,5.50743067,-1.24256767995,-1.31484140091,0.63628621626,0.00447601535837,0.67258772946,0.322936255181,P59543,T2R20
10706,ENST00000390673,TAS2R19,12,1,11174270,11175170,900,2.45867820527e-06,6.91094900698e-06,4.36817301725e-07,31,116,4,28.27643,78.7215888,5.36832744,-0.317523355881,-2.05507156048,0.585005904847,0.00414619841164,0.65629856241,0.339555239178,P59542,T2R19
10707,ENST00000240619,TAS2R10,12,1,10977944,10978868,924,2.9861121795e-06,7.55331367036e-06,4.1038859259e-07,51,126,1,34.25237,85.9997181,5.06888476,-1.77401586163,-2.10974975715,1.79023022904,0.428565950557,0.538931290951,0.0325027584913,Q9NYW0,T2R10
10709,ENST00000240615,TAS2R8,12,1,10958649,10959579,930,2.55695123745e-06,6.81886347183e-06,3.09717976305e-07,37,130,3,29.38988,77.6782352,3.92826588,-0.870246106451,-2.90368255218,0.463939852512,0.0124682631134,0.650084754459,0.337446982427,Q9NYW2,TA2R8
10710,ENST00000240687,TAS2R7,12,1,10954212,10955169,957,3.06215832642e-06,7.45831457587e-06,4.15729422465e-07,53,137,3,35.11398,84.9233596,5.12939713,-1.87121263694,-2.76404964387,0.931350596393,0.0230774509334,0.767815280704,0.209107268363,Q9NYW3,TA2R7
10715,ENST00000240691,TAS2R9,12,1,10961735,10962674,939,2.92602449e-06,7.22570333786e-06,3.45083335817e-07,41,121,5,33.57156,82.2878172,4.3289621,-0.794806238723,-2.08735517254,-0.319480810465,0.000278743191969,0.338584226307,0.661137030501,Q9NYW1,TA2R9
10716,ENST00000537503,TAS2R14,12,1,11090852,11091806,954,3.06372711964e-06,7.81342897974e-06,5.23489061028e-07,43,120,5,35.13176,88.9468752,6.35033699,-0.822956841151,-1.61048371826,0.530803087435,0.0010554281877,0.601959161136,0.396985410677,Q9NYV8,T2R14
10717,ENST00000533467,TAS2R46,12,1,11213963,11214893,930,2.54788421095e-06,6.62803165276e-06,3.62974315941e-07,48,127,9,29.28715,75.5160802,4.53167086,-2.14363465289,-2.89779958836,-2.07924506833,3.10044300047e-08,0.025569659284,0.974430309712,P59540,T2R46
10720,ENST00000390675,TAS2R31,12,1,11183004,11183934,930,2.92866756077e-06,7.4024643767e-06,3.25977699844e-07,41,117,6,33.60152,84.2905561,4.11249167,-0.79124783776,-1.74260974451,-0.921989671375,2.54372259099e-05,0.174294482671,0.825680080103,P59538,T2R31
10721,ENST00000390677,TAS2R13,12,1,11060985,11061897,912,2.85990536305e-06,6.99729113046e-06,5.46732691814e-07,36,111,1,32.82242,79.6998616,6.61369182,-0.343843348619,-1.71488071818,2.16230159756,0.579968726681,0.409263741675,0.0107675316444,Q9NYV9,T2R13
10722,ENST00000531678,TAS2R43,12,1,11243898,11244828,930,2.43929610892e-06,6.6950460821e-06,3.36080246676e-07,24,82,4,28.05683,76.2753628,4.2269551,0.474806847928,-0.320606632121,0.109349254082,0.00210427361078,0.510437155767,0.487458570623,P59537,T2R43
10723,ENST00000506868,TAS2R50,12,1,11138559,11139459,900,2.94557107482e-06,7.07426762566e-06,3.05097193637e-07,38,109,8,33.79303,80.5720271,3.87591125,-0.448647551288,-1.549066894,-2.075060539,1.89175446267e-07,0.0383254684628,0.961674342362,P59544,T2R50
10726,ENST00000014914,GPRC5A,12,3,13061183,13065473,1074,5.32911774891e-06,1.16227414583e-05,6.25758434652e-07,63,164,8,61.63731,132.9453498,8.34726283,-0.107603070961,-1.31736857573,0.119062767764,8.02764467699e-06,0.305454470284,0.694537502071,Q8NFJ5,RAI3
10727,ENST00000334266,TAS2R42,12,1,11338598,11339543,945,2.91102408722e-06,6.86277888749e-06,3.6500593143e-07,38,95,4,33.4016,78.1758126,4.55468931,-0.493256235516,-0.930710061267,0.257460208511,0.0025809974952,0.553853689163,0.443565313342,Q7RTR8,T2R42
10731,ENST00000540510,GPR19,12,1,12814134,12815382,1248,4.65590931974e-06,1.13636317121e-05,7.10965682823e-07,54,101,2,53.17152,129.1713924,8.47448594,-0.0704355471875,1.21238822184,2.20312076831,0.348589813893,0.638061840231,0.0133483458766,Q15760,GPR19
10738,ENST00000539585,TAS2R30,12,1,11285883,11286843,960,2.7330055237e-06,7.52965329126e-06,3.07223925221e-07,48,134,4,31.38462,85.731634,3.90000721,-1.83865947658,-2.54981449847,-0.0501563201895,0.00170314797924,0.466871471984,0.531425380037,P59541,T2R30
10740,ENST00000228887,GPRC5D,12,3,13093708,13103318,1038,4.85996590599e-06,9.98800242467e-06,7.94952259133e-07,65,115,8,56.321717,114.423439,10.26426361,-0.716877928672,-0.026365359615,0.700088248095,2.97022164148e-05,0.551792981622,0.448177316162,Q9NZD1,GPC5D
11010,ENST00000551809,GPR84,12,1,54756444,54757635,1191,4.3532590928e-06,1.2011193796e-05,8.22927091904e-07,53,138,10,49.74243,136.5083821,9.74303193,-0.286338472053,-0.0624437837556,-0.0815495927791,2.72207266045e-07,0.166314702957,0.833685024836,Q9NQS5,GPR84
11103,ENST00000300098,GPR182,12,1,57388993,57390208,1215,5.8619258895e-06,1.36306905716e-05,4.93254991597e-07,70,156,5,66.83594,154.8576546,6.00777834,-0.239932529244,-0.0448983340565,0.40728441724,0.000859696118417,0.557344581506,0.441795722376,O15218,GP182
11160,ENST00000299178,AVPR1A,12,2,63541138,63544616,1257,1.02760418516e-05,2.01281414779e-05,7.20057824393e-07,67,137,8,117.2679,228.8941796,8.99659772,2.87773386121,2.97089395139,0.329132290708,1.28646095007e-05,0.383960010319,0.616027125072,P37288,V1AR
11198,ENST00000266674,LGR5,12,18,71833860,71978514,2724,1.13220310314e-05,2.36106403585e-05,1.84590552849e-06,134,323,13,134.914097323,273.15673894,28.1574886307,0.0487881687294,-1.47508589027,2.82956696146,1.13571270343e-05,0.997432040162,0.00255660271093,O75473,LGR5
11340,ENST00000312143,CMKLR1,12,2,108685617,108687368,1122,4.34636847972e-06,1.12014192053e-05,3.19796343938e-07,48,128,2,49.66435,126.9308437,3.74304643,0.146410337762,-0.0464185858446,0.89245442659,0.0685269634408,0.736069810699,0.19540322586,Q99788,CML1
11472,ENST00000328880,HCAR2,12,1,123186738,123187830,1092,5.27258241986e-06,1.26794166465e-05,3.90692455281e-07,42,82,3,60.15855,144.0795673,4.84572384,1.45138268478,2.52967160168,0.830571615375,0.0201092731074,0.743945709712,0.235945017181,Q8TDS4,HCAR2
11477,ENST00000432564,HCAR1,12,1,123213845,123214886,1041,5.74988174799e-06,1.21613810617e-05,4.50171082348e-07,56,142,2,65.56646,138.2100661,5.51962877,0.73241935718,-0.157679191942,1.48399213396,0.140999390466,0.779311972056,0.079688637478,Q9BXC0,HCAR1
11484,ENST00000528880,HCAR3,12,1,123200120,123201284,1164,5.6377384049e-06,1.32532657892e-05,4.32415068051e-07,57,91,7,64.29584,150.5814074,5.31844959,0.564070404987,2.37487896181,-0.72228243574,6.93117983208e-06,0.157373990957,0.842619077863,P49019,HCAR3
11526,ENST00000261654,GPR133,12,25,131439010,131623808,2625,1.676200399e-05,3.15538344997e-05,2.38805885694e-06,176,344,8,187.067264555,344.27005692,35.1654152695,0.501640035145,0.00712018642098,4.53782992982,0.373629567285,0.626369639933,7.92782412903e-07,Q6QNK2,AGRD1
11589,ENST00000405846,GPR12,13,1,27332959,27333964,1005,6.72867595156e-06,1.20448829138e-05,4.92413273675e-07,70,74,0,76.6564,136.8900969,5.9982417,0.47131868566,2.62913388289,2.42606082233,0.85204316167,0.145490451078,0.00246638725248,P47775,GPR12
11619,ENST00000298386,RXFP2,13,18,32313749,32376542,2265,8.04502503051e-06,1.94009358524e-05,2.02353092267e-06,96,221,17,97.2542888105,224.002990512,29.9200537438,0.0788484362687,0.0981397338033,2.33976810578,2.94175840948e-08,0.978811653141,0.0211883174418,Q8WXD0,RXFP2
11686,ENST00000378688,HTR2A,13,3,47408971,47470041,1416,6.49018190885e-06,1.37877284096e-05,6.81085673081e-07,80,109,1,74.7924,157.4751207,8.97413097,-0.373300292964,1.88942322196,2.6367979001,0.772773609936,0.225555782848,0.00167060721524,P28223,5HT2A
11692,ENST00000282018,CYSLTR2,13,1,49280953,49281994,1041,3.76694842511e-06,9.01859550648e-06,2.9503902199e-07,42,108,4,43.0994,102.6016685,3.76194975,0.103817267863,-0.260673087198,-0.121577098314,0.00155402110804,0.448565643432,0.54988033546,Q9NS75,CLTR2
11693,ENST00000218721,MLNR,13,2,49794473,49796513,1239,1.38884230308e-05,2.43766095158e-05,6.73923807019e-07,68,120,3,123.951703292,217.16283674,6.72180425466,3.11556254809,3.22495579901,1.42200210626,0.0465876752548,0.854459372096,0.0989529526493,O43193,MTLR
11701,ENST00000378434,LPAR6,13,1,48985524,48986559,1035,3.36613677443e-06,8.59157905499e-06,5.10303191315e-07,39,107,3,35.6150216578,90.3012762065,5.72762582544,-0.351632463956,-0.85951352203,1.12898259686,0.0304365240746,0.809647524941,0.159915950985,P43657,LPAR6
11765,ENST00000377211,EDNRB,13,8,78472334,78493750,1599,8.17104386555e-06,1.76363597791e-05,1.25839309902e-06,73,147,6,94.033009238,199.233276718,17.2447487779,1.34465453585,1.81001797943,2.68232266914,0.0193615215886,0.976633450999,0.0040050274125,P24530,EDNRB
11777,ENST00000298440,OXGR1,13,1,97638999,97640013,1014,3.87673458084e-06,9.19000514673e-06,4.93965997587e-07,49,127,5,44.34331,104.5437682,6.01583412,-0.433523583237,-1.07424560945,0.410265074291,0.0008639355055,0.558408050629,0.440728013865,Q96P68,OXGR1
11778,ENST00000340807,GPR18,13,1,99907130,99908126,996,4.43060401747e-06,1.00654150297e-05,7.15826069354e-07,58,128,9,50.61876,114.4624026,8.52955528,-0.643165871153,-0.618908963167,-0.159564071694,9.91795601258e-07,0.183384425006,0.816614583199,Q14330,GPR18
11780,ENST00000376414,GPR183,13,1,99947313,99948399,1086,3.86799732708e-06,1.02660039522e-05,4.34726213426e-07,46,100,3,44.24431,116.7350158,5.34463484,-0.163632134389,0.757602901938,1.00462963761,0.0255456321889,0.784197295076,0.190257072735,P32249,GP183
11954,ENST00000543919,LTB4R2,14,1,24779870,24780947,1077,1.11035418585e-05,2.00435800211e-05,6.84677300178e-07,103,140,6,113.487316494,204.558526473,7.35153733738,0.61029458518,2.20780702435,0.493774528444,0.000267452650893,0.545701473707,0.454031073642,Q9NPC1,LT4R2
11958,ENST00000396789,LTB4R,14,1,24784857,24785916,1059,8.9185863567e-06,1.76917196641e-05,2.65709694033e-07,59,99,0,101.4685,200.8699708,3.42964267,2.61366982106,3.51564664894,1.83448493945,0.677367973217,0.302277046345,0.0203549804384,Q15722,LT4R1
12011,ENST00000267377,SSTR1,14,1,38678594,38679770,1176,9.91139229761e-06,1.90314265556e-05,4.54342729361e-07,66,120,0,112.7172,216.0491643,5.56689387,2.72791721239,3.19619931505,2.33720156714,0.829919497497,0.166521772208,0.00355873029511,P30872,SSR1
12073,ENST00000245457,PTGER2,14,2,52781266,52794172,1077,7.92667104957e-06,1.6156520454e-05,7.08653955208e-07,75,107,3,90.649025,183.8949313,8.86738916,1.01895518157,2.77350636769,1.95180622984,0.10502288833,0.863386532567,0.0315905791034,P43116,PE2R2
12075,ENST00000306051,PTGDR,14,2,52734532,52741682,1080,7.94471810646e-06,1.53961351955e-05,6.25269526906e-07,61,145,7,90.0235610258,172.655024239,7.60081900438,1.89636550181,1.02943878723,0.215875406689,4.02092917429e-05,0.388808516842,0.611151273867,Q13258,PD2R
12105,ENST00000395116,GPR135,14,1,59930459,59931944,1485,1.6099139101e-05,2.82375959312e-05,5.87766218376e-07,72,173,4,136.197655956,238.652831398,5.27327438043,3.41023311067,2.07867404336,0.549251818022,0.00393204052879,0.644923881039,0.351144078432,Q8IZ08,GP135
12266,ENST00000541158,TSHR,14,10,81422024,81610697,2295,1.00527562791e-05,2.2114657254e-05,1.20820041908e-06,119,258,11,118.090784,254.7545909,17.88012673,-0.0518681633591,-0.0994543194469,1.61176184112,5.80341698067e-06,0.879485781713,0.12050841487,P16473,TSHR
12281,ENST00000267549,GPR65,14,1,88477191,88478205,1014,3.48638502125e-06,8.88778624883e-06,4.78804094363e-07,41,102,1,39.92056,101.1195639,5.84404663,-0.105913085795,-0.0428231714084,1.98491162394,0.505440551203,0.475640986433,0.0189184623643,Q8IYL9,PSYR
12302,ENST00000531499,GPR68,14,1,91700296,91701394,1098,9.09246981677e-06,1.67651376255e-05,4.22808137878e-07,67,78,5,79.4790552959,146.275591374,4.00289358551,0.867770571393,2.76118841923,-0.493678435955,0.000219036510559,0.300566804302,0.699214159188,Q15743,OGR1
12327,ENST00000306005,BDKRB2,14,2,96703444,96707841,1176,6.42281995515e-06,1.44349175089e-05,5.89896860788e-07,74,142,2,73.610085,164.3888105,7.52184748,-0.028174503971,0.854104862661,1.99439810443,0.269901202727,0.705482562548,0.0246162347252,P30411,BKRB2
12337,ENST00000216629,BDKRB1,14,1,96730019,96731081,1062,4.78100691582e-06,1.16780903031e-05,6.47899925999e-07,61,152,3,54.5889,132.7342897,7.75993728,-0.537935057129,-0.817917800662,1.69262902064,0.070104692487,0.872062337391,0.0578329701221,P46663,BKRB1
12408,ENST00000329797,GPR132,14,2,105517330,105521757,1143,8.84682564253e-06,1.578931087e-05,4.57787877669e-07,100,134,3,101.074573,179.7343281,6.02502533,0.0662636394006,1.66856429805,1.22078524696,0.0347124102897,0.826190614482,0.139096975228,Q9UNW8,GP132
12465,ENST00000383263,CHRM5,15,1,34354918,34356517,1599,5.55446073281e-06,1.47733137099e-05,1.10750539642e-06,70,154,6,63.3523,167.8037774,12.96735884,-0.517773340676,0.521211794664,1.91660268389,0.00383197171202,0.957137486465,0.0390305418233,P08912,ACM5
12489,ENST00000561100,GPR176,15,3,40093332,40212227,1548,8.01938243214e-06,1.75074665157e-05,7.62408312593e-07,70,141,2,79.9417075067,181.337159679,9.19154270038,0.68932474094,1.46513876201,2.34972770673,0.413262635237,0.578502794624,0.00823457013899,Q14439,GP176
13024,ENST00000293897,SSTR5,16,1,1128868,1129963,1095,1.13714228917e-05,1.99553535677e-05,3.2746581521e-07,95,182,2,110.715633819,194.020365559,3.53694028805,0.925925368312,0.422096435065,0.809529784556,0.0623344657132,0.723207270792,0.214458263495,P35346,SSR5
13208,ENST00000300571,GPRC5B,16,3,19871821,19884167,1212,8.64589304824e-06,1.55958901579e-05,8.07105941529e-07,99,137,2,99.217064,177.9619549,10.40196723,0.0135094011115,1.50187567773,2.58055392946,0.52720690559,0.469305702382,0.00348739202714,Q9NZH0,GPC5B
13220,ENST00000570682,GPR139,16,2,20043056,20084938,1062,5.65615244843e-06,1.19458330949e-05,4.54819765679e-07,56,103,2,60.9109099523,130.26744972,5.58579453047,0.390089155016,1.16853657446,1.50290883097,0.144423629278,0.778727153435,0.0768492172873,Q6DWJ6,GP139
13451,ENST00000340339,GPR114,16,11,57596005,57609450,1587,8.55187753667e-06,1.80358078781e-05,1.07953690121e-06,97,204,6,100.658267636,205.752474258,16.4311898052,0.226049693106,0.0597587978197,2.54911269505,0.0143235613549,0.979459231434,0.00621720721156,Q8IZF4,AGRG5
13454,ENST00000333493,GPR97,16,12,57702259,57722373,1650,8.60934248299e-06,1.78849795112e-05,1.25191823189e-06,107,211,15,99.5183100364,203.135308623,18.7905566219,-0.464940818941,-0.269901873712,0.866209329117,4.47697685472e-09,0.353521819398,0.646478176125,Q86Y34,AGRG3
13709,ENST00000555147,MC1R,16,1,89985666,89986620,954,7.16977362291e-06,1.34251214901e-05,3.58832935952e-07,109,207,8,81.65413,152.5285037,4.48474793,-1.87608334657,-2.15729884055,-1.64428514696,3.24606043304e-07,0.0523706924672,0.947628982927,Q01726,MSHR
13941,ENST00000262441,GLP2R,17,13,9729380,9793022,1662,7.31565760029e-06,1.69099735725e-05,1.74239757832e-06,89,167,15,84.8280969863,190.243368753,24.6145882785,-0.280810589756,0.824254506008,1.91965903131,1.0352881761e-07,0.925801050504,0.0741988459675,O95838,GLP2R
13963,ENST00000304222,ADORA2B,17,2,15848562,15878656,999,6.02288994328e-06,1.14003428406e-05,5.50893206832e-07,50,119,7,58.7726720481,115.312435454,6.65337308796,0.709403929402,-0.167966374114,-0.133116230368,2.00749888634e-05,0.276665265825,0.723314659186,P29275,AA2BR
14237,ENST00000246657,CCR7,17,3,38710993,38721661,1137,6.17433574919e-06,1.41449270583e-05,5.37621613e-07,71,96,1,71.2138068,161.5222218,7.34865476,0.0157070765775,2.52167318316,2.31989045391,0.647008605029,0.346841903135,0.00614949183662,P32248,CCR7
14333,ENST00000332438,CCR10,17,2,40831570,40833841,1089,9.49874024565e-06,1.90509389737e-05,6.34272814228e-07,48,64,4,81.4404127671,162.647265953,6.12800114677,2.29721169918,3.78336504013,0.851534262498,0.00620605308801,0.739394121395,0.254399825517,P46092,CCR10
14403,ENST00000398285,CRHR1,17,14,43861910,43912130,1335,6.7427934235e-06,1.64308836008e-05,1.35881285469e-06,66,109,3,75.0189435076,174.851836446,18.0780388705,0.64553468792,2.43584158714,3.51284417254,0.792134286398,0.207811644389,5.40692136283e-05,P34998,CRFR1
14619,ENST00000357585,SSTR2,17,1,71165458,71166568,1110,4.29378425575e-06,1.0722700839e-05,5.86387687297e-07,55,107,2,49.06856,121.9095219,7.06299124,-0.52493792344,0.660481668271,1.88713323488,0.235751811356,0.731588294815,0.032659893829,P30874,SSR2
14626,ENST00000335666,GPR142,17,4,72363644,72368739,1389,7.6411127966e-06,1.70354339353e-05,9.19212630544e-07,89,198,8,85.2052993292,186.294750855,11.3622422292,-0.254855250097,-0.419464222501,0.988067640505,5.59549133508e-05,0.68942196664,0.310522078447,Q7Z601,GP142
14629,ENST00000392627,GPRC5C,17,4,72428177,72443167,1461,9.09608010278e-06,1.87149686966e-05,7.30339028769e-07,113,190,5,103.675613734,210.783645516,9.70481063035,-0.567717222228,0.70019467676,1.4960232427,0.0055136074175,0.896850360381,0.0976360322016,Q9NQ84,GPC5C
14695,ENST00000329003,GALR2,17,2,74070964,74073512,1164,1.2297853356e-05,2.19907442572e-05,6.13314826895e-07,62,139,4,121.138339742,214.424123962,6.63393557985,3.3310226965,2.51935768533,1.01299951146,0.00797093656747,0.785946320209,0.206082743223,O43603,GALR2
14754,ENST00000400723,GCGR,17,13,79766894,79771565,1434,9.20841208383e-06,1.88487283336e-05,1.23131941294e-06,21,23,0,7.8524023317,13.5619239114,1.28207822588,-2.90867100854,-1.25354379223,1.12162302706,0.452713871339,0.451050229081,0.0962358995799,P47871,GLR
14801,ENST00000313135,UTS2R,17,1,80332200,80333370,1170,1.19390319667e-05,2.28460457882e-05,4.63712445841e-07,74,135,6,88.3758871745,168.863189413,3.69488002277,0.948019592247,1.2746089407,-1.18790860433,1.80188717093e-05,0.144335290998,0.85564669013,Q9UKP6,UR2R
14869,ENST00000327606,MC2R,18,1,13884623,13885517,894,4.5911338023e-06,1.01647148575e-05,2.59890153183e-07,60,112,2,52.4376,115.587379,3.36370652,-0.647422491882,0.163207868101,0.736548855045,0.0574474574261,0.711120250026,0.231432292548,Q01718,ACTHR
14875,ENST00000324750,MC5R,18,1,13825764,13826742,978,5.45639516991e-06,1.21808641412e-05,2.49282871258e-07,58,127,4,62.24119,138.4307786,3.2435236,0.333271543202,0.475200308509,-0.416079697794,0.00108831422697,0.381354922437,0.617556763336,P33032,MC5R
14883,ENST00000256906,HRH4,18,3,22040692,22057526,1173,3.74965773074e-06,9.67302821795e-06,6.97339858174e-07,61,120,10,43.741695,110.8547122,9.15829558,-1.61770736285,-0.424851699618,-0.275512921861,1.67289121238e-07,0.127196481099,0.872803351612,Q9H3N8,HRH4
14999,ENST00000299766,MC4R,18,1,58038583,58039582,999,3.59282313338e-06,9.19795626234e-06,2.72297087177e-07,57,145,6,41.12653,104.6338547,3.50427928,-1.5344766633,-1.93017649541,-1.32064567191,1.53624620586e-05,0.132149128826,0.867835508712,P32245,MC4R
15051,ENST00000299727,GALR1,18,3,74962504,74980858,1050,8.25320777734e-06,1.46652758138e-05,4.92870288729e-07,57,128,6,94.767855,167.4179372,6.84161206,2.40514480253,1.49007799638,0.318729587297,0.000193369133207,0.477441936388,0.522364694479,P47211,GALR1
15087,ENST00000234371,KISS1R,19,5,917502,920748,1197,1.40876015208e-05,2.42117144954e-05,6.98007052835e-07,43,72,4,86.9659066581,149.645279135,5.29089777696,2.92274523247,3.10456036448,0.555925816006,0.00397107374529,0.647047144994,0.34898178126,Q969F8,KISSR
15168,ENST00000411851,TBXA2R,19,3,3594833,3600632,1224,1.06171983164e-05,2.10265806282e-05,6.65490500748e-07,76,99,2,86.0138939463,162.354850842,4.94976300417,0.669372715581,2.43200222997,1.31336232036,0.113768130952,0.778172413191,0.108059455857,P21731,TA2R
15173,ENST00000246115,S1PR4,19,1,3178790,3179945,1155,9.27980589419e-06,1.92481462735e-05,4.91909150276e-07,114,171,1,105.5612,218.5046471,5.99253014,-0.509187818495,1.57188887365,2.02025084762,0.520047224468,0.462950299057,0.0170024764753,O95977,S1PR4
15242,ENST00000312053,EMR1,19,21,6887619,6940040,2661,1.10432516037e-05,2.48801493185e-05,2.16001218129e-06,137,314,25,133.415605152,288.992429428,32.9515976373,-0.192381199166,-0.719524004747,1.37216363593,5.77895323441e-14,0.331945832898,0.668054167102,Q14246,AGRE1
15335,ENST00000321826,P2RY11,19,2,10222397,10225414,1125,8.39724545592e-06,1.63202534424e-05,6.77262465381e-07,137,234,10,95.6794335528,185.326490348,8.4414984638,-2.61882525631,-1.74880073537,-0.531357935854,9.0759118873e-08,0.0902244521805,0.90977545706,Q96G91,P2Y11
15338,ENST00000590320,S1PR2,19,1,10334519,10335581,1062,8.27077411978e-06,1.57126179961e-05,4.25871926015e-07,86,119,2,94.12869,178.4463554,5.24431377,0.519408456191,2.17664745206,1.40335726684,0.127343395339,0.7801693595,0.0924872451607,O95136,S1PR2
15363,ENST00000439028,S1PR5,19,1,10624490,10625687,1197,1.35573607777e-05,2.41475540782e-05,3.36721007868e-07,62,113,2,122.315173539,217.600435144,3.36245902457,3.3809286544,3.46832643847,0.736011572267,0.0574132950803,0.711029029993,0.231557674927,Q9H228,S1PR5
15451,ENST00000340736,LPHN1,19,23,14261684,14294414,4425,3.11870772188e-05,6.21995033633e-05,3.76772498238e-06,326,410,1,333.584140432,654.653332782,47.4741138301,0.257425069149,4.67694069993,6.68147559918,0.999999837146,1.62853895649e-07,1.26648855549e-18,O94910,AGRL1
15460,ENST00000292513,PTGER1,19,2,14583371,14585132,1209,1.4629488327e-05,2.56027221279e-05,6.59555788605e-07,37,63,1,60.9473958469,108.570716091,3.22724209402,1.90164848732,2.13917242116,1.22812145723,0.255749329234,0.640414479159,0.103836191608,P34995,PE2R1
15473,ENST00000315576,EMR2,19,20,14847047,14887568,2472,1.30021445137e-05,2.62333857298e-05,1.93240485296e-06,108,242,23,152.23235836,298.871975186,29.1312978437,2.2224722163,1.60906071048,1.1252839767,2.59136548105e-13,0.229552103297,0.770447896703,Q9UHX3,AGRE2
15478,ENST00000253673,EMR3,19,16,14730244,14785582,1959,8.08110154772e-06,1.74701006746e-05,1.56793957789e-06,82,208,26,96.9725842245,202.008409174,23.8832658332,0.942587302867,-0.206193319991,-0.429051198428,1.98539021356e-18,0.00176274300218,0.998237256998,Q9BY15,AGRE3
15503,ENST00000248076,F2RL3,19,2,17000000,17001432,1158,9.8125416465e-06,1.81667246132e-05,5.11551284443e-07,103,172,4,86.8129462256,160.861834826,4.81698518043,-1.07702282603,-0.429541380949,0.368736519873,0.00302235446968,0.587961870929,0.409015774601,Q96RI0,PAR4
15585,ENST00000542587,LPAR2,19,2,19735064,19738093,1056,6.37979048427e-06,1.56593144942e-05,7.12196406524e-07,60,120,2,68.3638613973,166.428337485,8.34412255365,0.627108784775,1.76029605095,2.17555929417,0.337269896843,0.648186647697,0.0145434554591,Q9HBW0,LPAR2
15682,ENST00000599180,FFAR2,19,1,35940616,35941609,993,5.69666126456e-06,1.26195479375e-05,4.52609836564e-07,60,139,5,64.96345,143.4012277,5.54725975,0.381767163547,0.179767500804,0.230167469698,0.000643946787473,0.495939903942,0.503416149271,O15552,FFAR2
15689,ENST00000246553,FFAR1,19,1,35842454,35843357,903,7.63437232666e-06,1.29286994065e-05,3.64134455045e-07,51,80,4,68.3823943453,115.575953932,3.57561128658,1.30312714869,1.61860090457,-0.222319923458,0.00137025456396,0.424069059892,0.574560685544,O14842,FFAR1
15690,ENST00000454971,GPR42,19,1,35862261,35863302,1041,6.09308547465e-06,1.21512308259e-05,4.82917179718e-07,6,17,0,38.0757536216,75.7047316703,3.22929712738,3.22256746711,3.3001070818,1.78009707857,0.659177796443,0.317047573564,0.0237746299924,O15529,GPR42
15968,ENST00000323040,GPR4,19,1,46094035,46095124,1089,8.53354681591e-06,1.68378650842e-05,4.90795365613e-07,65,85,2,97.10596,191.1956724,5.97991056,2.01981745024,3.75650820774,1.6121879486,0.165986421627,0.772333517329,0.0616800610441,P46093,GPR4
15974,ENST00000590918,GIPR,19,13,46172778,46185193,1401,9.43698844181e-06,2.1058244182e-05,1.42883835076e-06,67,186,28,93.0811325789,203.487884045,19.3529070005,1.67588821198,0.599632031087,-1.94709314161,2.54083355702e-22,3.32315033542e-05,0.999966768497,P48546,GIPR
15978,ENST00000291294,PTGIR,19,2,47124536,47127482,1161,1.03277175263e-05,1.83904432609e-05,7.37749483878e-07,79,143,5,80.5105926539,143.952722065,6.79409570749,0.104368522412,0.0388385245982,0.681819603436,0.00136020164797,0.657148653311,0.341491145041,P43119,PI2R
16006,ENST00000355085,C5AR1,19,2,47813152,47824087,1053,6.34157756991e-06,1.35385069882e-05,6.40918311393e-07,75,157,6,72.6895964,154.2322721,8.09993081,-0.167996606168,-0.10900534643,0.730893359643,0.000416365501778,0.642131978083,0.357451656416,P21730,C5AR1
16009,ENST00000595464,C5AR2,19,1,47844056,47845070,1014,6.80699990235e-06,1.37766579223e-05,4.16237546775e-07,70,152,3,77.54382,156.5115252,5.13515401,0.531088863983,0.17638607241,0.933344883856,0.0231409770825,0.768272944251,0.208586078667,Q9P296,C5AR2
16126,ENST00000270590,GPR32,19,1,51273857,51274928,1071,5.87598782035e-06,1.33705845111e-05,4.53996943721e-07,65,121,6,66.99526,151.9105541,5.56297588,0.151121734962,1.22667600641,-0.183544561947,7.90945665733e-05,0.315038765704,0.68488213973,O75388,GPR32
16162,ENST00000595042,FPR1,19,1,52249194,52250247,1053,4.91002806543e-06,1.16996239773e-05,2.79614630008e-07,64,114,2,56.05074,132.9782291,3.58718808,-0.658241704868,0.804972936295,0.830120251458,0.0638058133694,0.726496015715,0.209698170916,P21462,FPR1
16169,ENST00000598776,FPR2,19,1,52271911,52272967,1056,3.98666623444e-06,1.03360769389e-05,3.82228439699e-07,60,101,3,45.58885,117.5290368,4.74982382,-1.32317953085,0.745745226018,0.79532613247,0.0191752897137,0.735298153217,0.245526557069,P25090,FPR2
16170,ENST00000339223,FPR3,19,1,52327001,52328063,1062,4.04986309595e-06,1.06980147342e-05,4.00164277201e-07,40,108,2,46.30489,121.6297791,4.95304131,0.574398821948,0.604485496624,1.31438697984,0.113913457643,0.778211705754,0.107874836604,P25089,FPR3
16459,ENST00000546004,PROKR2,20,2,5282685,5295015,1155,6.31575728862e-06,1.46812479544e-05,4.20879107505e-07,78,161,5,72.39703,167.1797921,5.60684071,-0.408232304827,0.233775512174,0.25386644775,0.000669053120174,0.503920664373,0.495410282506,Q8NFJ6,PKR2
16785,ENST00000243911,MC3R,20,1,54823899,54824871,972,6.4683953584e-06,1.21481095582e-05,2.77657443338e-07,66,139,4,73.70736,138.0597143,3.5650126,0.556544230902,-0.0391425796674,-0.228210614222,0.001360379851,0.422685183587,0.575954436562,P41968,MC3R
16806,ENST00000340177,HRH3,20,3,60791061,60795026,1338,1.2031568275e-05,2.12316823198e-05,8.03826249265e-07,93,117,2,114.883119471,202.04941227,8.68161285766,1.26569844904,2.92657017501,2.24631576289,0.366881477707,0.621485558376,0.0116329639171,Q9Y5N1,HRH3
16835,ENST00000370501,NTSR1,20,4,61340559,61391619,1257,1.20804965085e-05,2.12954788173e-05,8.70805525375e-07,87,200,11,132.685044953,233.657261675,11.2794138361,2.45873750624,1.07697606196,0.0824127400035,9.72930758301e-08,0.174082562871,0.825917339836,P30989,NTR1
16867,ENST00000349451,OPRL1,20,3,62724073,62730152,1113,7.89860543732e-06,1.62702949113e-05,4.93619307025e-07,88,127,1,90.75014,185.6031222,6.85009918,0.178970154407,2.10399380597,2.21413691011,0.602075924384,0.388911890649,0.00901218496703,P41146,OPRX
16873,ENST00000369768,NPBWR2,20,1,62737182,62738184,1002,8.21378982358e-06,1.50383367243e-05,3.69457356646e-07,87,146,4,87.5891141998,160.037576483,4.31478095194,0.0390230115123,0.542747987672,0.150113156534,0.00222433356438,0.522125341911,0.475650324524,P48146,NPBW2
17186,ENST00000337539,ADORA2A,22,2,24829372,24837457,1239,7.53582070374e-06,1.55753817189e-05,6.56671020381e-07,68,121,2,86.22061,177.3105507,8.2784132,1.21648523183,2.0684228089,2.16155383513,0.331624356228,0.653193474008,0.0151821697648,P29274,AA2AR
17305,ENST00000249041,GALR3,22,2,38219413,38221477,1107,1.25678553611e-05,2.3187038587e-05,6.5114654265e-07,68,103,3,86.0202603611,157.262978353,5.13628045367,1.20450921033,2.11644487183,0.933734896729,0.0231534228967,0.768362369724,0.20848420738,O60755,GALR3
17381,ENST00000249016,MCHR1,22,2,41075449,41077932,1269,7.89690302845e-06,1.62815115094e-05,4.99306322705e-07,95,194,5,90.31175,185.3111394,6.49543722,-0.305835622013,-0.31219830582,0.581237549613,0.0011483927476,0.620384174641,0.378467432611,Q99705,MCHR1
17438,ENST00000262738,CELSR1,22,35,46759074,46933067,9045,8.04157044677e-05,0.000148710672304,5.76255701923e-06,753,1181,9,837.303108692,1534.68154969,71.9471444022,1.80614103901,4.41591013439,7.35121190514,0.999990747432,9.25256791346e-06,6.68208238423e-20,Q9NYQ6,CELR1
17500,ENST00000381297,P2RY8,X,1,1584371,1585451,1080,1.01948689759e-05,1.94085470988e-05,3.14495078124e-07,72,104,3,115.9291,220.3220125,3.98239142,2.52933049748,3.83309314631,0.487643280995,0.0128441170894,0.65626142389,0.330894459021,Q86VZ1,P2RY8
17515,ENST00000467482,GPR143,X,9,9693785,9733857,1215,8.01597046482e-06,1.51533555407e-05,9.02176915221e-07,37,76,1,32.3801210574,61.9815739195,7.64221697909,-0.5033162251,-0.870932673462,2.38008828657,0.672222023531,0.322888118038,0.0048898584314,P51810,GP143
17551,ENST00000380289,GRPR,X,3,16142076,16170768,1155,5.16248830056e-06,1.14083821184e-05,5.57773829425e-07,43,74,2,41.36619,90.0650861,5.46348177,-0.157481028047,0.827982891731,1.46780338982,0.138137201691,0.779694565479,0.0821682328307,P30550,GRPR
17568,ENST00000379869,GPR64,X,27,19008981,19086952,3054,1.18455811032e-05,2.69198664408e-05,2.39980758069e-06,86,166,4,100.666899267,216.097095043,27.7128847226,0.906242459906,1.66688087915,4.46203710966,0.964168452416,0.0358314335693,1.14014960041e-07,Q8IZP9,AGRG2
17648,ENST00000302548,GPR82,X,1,41586279,41587290,1011,3.07373831055e-06,8.18775057124e-06,3.84852680952e-07,31,59,4,22.7333532967,59.979195708,3.14995076326,-1.07484854382,0.0618425779811,-0.474440610409,0.00101851085268,0.369606317078,0.62937517207,Q96P67,GPR82
17657,ENST00000378142,GPR34,X,1,41554886,41556032,1146,3.59350204435e-06,1.05277107073e-05,6.39252413425e-07,32,48,1,28.38985,82.4554937,5.35573256,-0.420042442175,1.85594511998,1.86441004796,0.4570386609,0.516270244756,0.0266910943435,Q9UPC5,GPR34
17744,ENST00000332582,GPR173,X,1,53105803,53106925,1122,6.59366509534e-06,1.46653047104e-05,4.61615465831e-07,46,55,0,44.8536112191,99.367219152,3.43943269016,-0.106116550323,2.17699309763,1.83710136473,0.678239841603,0.301559943833,0.0202002145644,Q9NS66,GP173
17791,ENST00000374519,P2RY4,X,1,69478376,69479474,1098,5.16731260112e-06,1.32446851203e-05,5.81438693932e-07,38,98,1,34.5375280542,88.0321964178,4.16630756702,-0.365249679016,-0.519630874273,1.53662220664,0.340711070431,0.600487688221,0.0588012413481,P51582,P2RY4
17812,ENST00000373691,CXCR3,X,1,70836214,70837462,1248,7.86239940808e-06,1.57863306604e-05,5.04248269914e-07,53,53,1,46.5464449799,93.1745842246,3.24762348739,-0.586415689398,2.03572500453,1.23546493601,0.257493403152,0.639885509,0.102621087849,P49682,CXCR3
17843,ENST00000373304,CYSLTR1,X,1,77528229,77529243,1014,3.04597295006e-06,8.67893124109e-06,2.60849167754e-07,43,92,3,22.0440323164,62.1824576589,2.19824680813,-2.76701605002,-1.84949966407,-0.535663666507,0.00432046248282,0.43022394124,0.565455596277,Q9Y271,CLTR1
17845,ENST00000276077,GPR174,X,1,78426504,78427506,1002,3.32006803013e-06,8.48645350723e-06,8.29578425125e-07,28,60,0,26.2579,66.5399327,6.83969394,-0.210762090369,0.392146532696,2.59064573972,0.8881019664,0.110703637363,0.00119439623748,Q9BXC1,GP174
17857,ENST00000171757,P2RY10,X,1,78216017,78217037,1020,3.53887939848e-06,9.77114422236e-06,4.11220290912e-07,34,54,0,27.96396,76.5565901,3.5777788,-0.707623374231,1.26095218943,1.87368443128,0.690389561601,0.291483213132,0.0181272252664,O00398,P2Y10
17861,ENST00000435339,LPAR4,X,1,78010366,78011479,1113,3.11996320102e-06,9.37532208283e-06,3.09099378061e-07,33,60,2,24.6977,73.4703877,2.78154774,-1.03566584521,0.768670995006,0.464196546835,0.0430359788705,0.662310622954,0.294653398175,Q99677,LPAR4
17981,ENST00000371906,AGTR2,X,1,115303533,115304625,1092,3.65381329413e-06,9.58831870859e-06,4.57676108706e-07,32,77,3,28.8601,75.1311136,3.93999212,-0.362340048564,-0.10546061499,0.469100809902,0.0125489579921,0.651428928078,0.33602211393,P50052,AGTR2
17985,ENST00000276198,HTR2C,X,4,113961345,114141978,1377,6.89693413945e-06,1.54960129507e-05,8.21364623464e-07,43,97,3,54.6830412757,121.357932728,7.71483943602,0.979442562224,1.08148937636,1.68148550056,0.0689152859314,0.871848596807,0.0592361172616,P28335,5HT2C
18052,ENST00000276218,GPR119,X,1,129518413,129519421,1008,4.23646046423e-06,9.97051349667e-06,5.36766548052e-07,36,55,2,33.40296,78.1110593,4.55665563,-0.2785707935,1.27902800615,1.1864208168,0.0972559050997,0.770587747185,0.132156347715,Q8TDV5,GP119
18084,ENST00000394143,GPR112,X,23,135390936,135498650,9243,3.04729431982e-05,7.43695446772e-05,3.99223381241e-06,304,724,33,243.553045964,582.746218174,38.7892199228,-2.40119547244,-2.86204770051,0.920776505841,6.78293951437e-20,0.0235494857449,0.976450514255,Q8IZF6,AGRG4
18088,ENST00000370648,BRS3,X,3,135570273,135574534,1200,4.38747052066e-06,1.06057826551e-05,7.34624263811e-07,40,67,0,35.323413,83.8072579,6.84237542,-0.487806333883,0.89799223079,2.59115342623,0.888203115183,0.110605267022,0.00119161779512,P32247,BRS3
18096,ENST00000298110,GPR101,X,1,136112306,136113833,1527,8.29043472629e-06,1.80465628413e-05,5.69925710515e-07,51,102,1,65.01158,141.0795544,4.81519609,1.07731129286,1.60929040889,1.72226339749,0.403512441739,0.557928230883,0.0385593273775,Q96P66,GP101
18128,ENST00000218316,GPR50,X,2,150345193,150349909,1854,8.6357869175e-06,2.09801087595e-05,5.76332017735e-07,70,168,1,68.075792,164.3237838,5.23666212,-0.144579126717,-0.140270178474,1.83394462004,0.445210115355,0.525810593078,0.0289792915672,Q13585,MTR1L
18167,ENST00000369929,OPN1MW2,X,6,153485284,153498649,1095,6.3841636271e-06,1.24866572518e-05,8.66211196026e-07,1,0,0,19.6145126579,40.0218207363,2.37116679992,2.6056273581,3.09431751584,1.52535441693,0.574117353274,0.380632029884,0.0452506168424,P04001,OPSG
18169,ENST00000369951,OPN1LW,X,6,153409757,153424401,1095,6.51277527984e-06,1.25166927681e-05,8.76977209613e-07,27,51,0,44.6854426344,86.2808314304,7.40843768729,1.64014528129,1.85779655293,2.69620567349,0.907796474628,0.0914763234502,0.000727201921708,P04000,OPSR
18173,ENST00000358927,AVPR2,X,3,153170599,153172182,1116,6.83856320001e-06,1.60168918111e-05,5.09274431887e-07,63,89,2,54.434454,125.9973723,5.08533547,-0.719727051438,1.61215553862,1.35529017838,0.119885620397,0.779474281954,0.100640097649,P30518,V2R
